"CIRCOSCRIZIONE","PARTITO","NOME","COGNOME","DATA_NASCITA","LUOGO_NASCITA","ETA"
" ITALIA NORD-OCCIDENTALE","LEGA SALVINI PREMIER","SILVIA SERAFINA","SARDONE","1982","MILANO","42"
" ITALIA NORD-OCCIDENTALE","LEGA SALVINI PREMIER","ALESSANDRO","PANZA","1982","DOMODOSSOLA (VB)","42"
" ITALIA NORD-OCCIDENTALE","LEGA SALVINI PREMIER","FRANCESCO","BRUZZONE","1962","GENOVA","62"
" ITALIA NORD-OCCIDENTALE","LEGA SALVINI PREMIER","ISABELLA","TOVAGLIERI","1987","BUSTO ARSIZIO (VA)","37"
" ITALIA NORD-OCCIDENTALE","LEGA SALVINI PREMIER","GIANNA","GANCIA","1972","BRA (CN)","52"
" ITALIA NORD-OCCIDENTALE","LEGA SALVINI PREMIER","ANGELO","CIOCCA","1975","PAVIA","49"
" ITALIA NORD-OCCIDENTALE","LEGA SALVINI PREMIER","DANILO OSCAR","LANCINI","1965","ROVATO (BS)","59"
" ITALIA NORD-OCCIDENTALE","LEGA SALVINI PREMIER","SIMONA","BORDONALI","1971","BRESCIA","53"
" ITALIA NORD-OCCIDENTALE","LEGA SALVINI PREMIER","ALESSIA","BORRONI","1974","MARIANO COMENSE (CO)","50"
" ITALIA NORD-OCCIDENTALE","LEGA SALVINI PREMIER","ERALDO","BOTTA","1968","BASILEA (SVIZZERA)","56"
" ITALIA NORD-OCCIDENTALE","LEGA SALVINI PREMIER","MARCO","COZZI","1962","MILANO","62"
" ITALIA NORD-OCCIDENTALE","LEGA SALVINI PREMIER","ALESSANDRO","FERMI","1974","COMO","50"
" ITALIA NORD-OCCIDENTALE","LEGA SALVINI PREMIER","DINO","GANELLI","1972","DESENZANO DEL GARDA (BS)","52"
" ITALIA NORD-OCCIDENTALE","LEGA SALVINI PREMIER","ELENA","LUCCHINI","1984","VOGHERA (PV)","40"
" ITALIA NORD-OCCIDENTALE","LEGA SALVINI PREMIER","GIOVANNI FRANCESCO","MALANCHINI","1974","CALCINATE (BG)","50"
" ITALIA NORD-OCCIDENTALE","LEGA SALVINI PREMIER","CRISTINA","PATELLI","1973","TORINO","51"
" ITALIA NORD-OCCIDENTALE","LEGA SALVINI PREMIER","LORENZA","ROSSO","1962","GENOVA","62"
" ITALIA NORD-OCCIDENTALE","LEGA SALVINI PREMIER","ASTRID","SENTO","1966","TORINO","58"
" ITALIA NORD-OCCIDENTALE","LEGA SALVINI PREMIER","SILVANA","SNIDER","1964","VILLA DI CHIAVENNA (SO)","60"
" ITALIA NORD-OCCIDENTALE","LEGA SALVINI PREMIER","ROBERTO","VANNACCI","1968","LA SPEZIA","56"
" ITALIA NORD-OCCIDENTALE","STATI UNITI D'EUROPA","EMMA","BONINO","1948","BRA (CN)","76"
" ITALIA NORD-OCCIDENTALE","STATI UNITI D'EUROPA","GIANFRANCO","LIBRANDI","1954","SARONNO (VA)","70"
" ITALIA NORD-OCCIDENTALE","STATI UNITI D'EUROPA","RAFFAELLA","PAITA","1974","LA SPEZIA","50"
" ITALIA NORD-OCCIDENTALE","STATI UNITI D'EUROPA","MARCO","TARADASH","1950","LIVORNO","74"
" ITALIA NORD-OCCIDENTALE","STATI UNITI D'EUROPA","PAOLO GIOVANNI","MICHELI","1974","MILANO","50"
" ITALIA NORD-OCCIDENTALE","STATI UNITI D'EUROPA","ALESSANDRO","CECCHI PAONE","1961","ROMA","63"
" ITALIA NORD-OCCIDENTALE","STATI UNITI D'EUROPA","PATRIZIA","DE GRAZIA","1999","TORINO","25"
" ITALIA NORD-OCCIDENTALE","STATI UNITI D'EUROPA","ENRICA","CATTANEO","1962","ALESSANDRIA","62"
" ITALIA NORD-OCCIDENTALE","STATI UNITI D'EUROPA","NADIA","GALLO","1969","PINEROLO (TO)","55"
" ITALIA NORD-OCCIDENTALE","STATI UNITI D'EUROPA","MARIA","MIKAELYAN","1988","MOSCA (FEDERAZIONE RUSSA)","36"
" ITALIA NORD-OCCIDENTALE","STATI UNITI D'EUROPA","VITTORIO","BARAZZOTTO","1958","BIELLA","66"
" ITALIA NORD-OCCIDENTALE","STATI UNITI D'EUROPA","MATTEO","DI MAIO","1994","NAPOLI","30"
" ITALIA NORD-OCCIDENTALE","STATI UNITI D'EUROPA","FEDERICO","ROSSI","1995","MILANO","29"
" ITALIA NORD-OCCIDENTALE","STATI UNITI D'EUROPA","SIMONA EMANUELA ANNA CAROLINA","VIOLA","1962","MILANO","62"
" ITALIA NORD-OCCIDENTALE","STATI UNITI D'EUROPA","LUCA","PEREGO","1982","LECCO","42"
" ITALIA NORD-OCCIDENTALE","STATI UNITI D'EUROPA","DAVIDE ","FALTERI","1972","GENOVA","52"
" ITALIA NORD-OCCIDENTALE","STATI UNITI D'EUROPA","DARIA","DE LUCA","1980","SAVONA","44"
" ITALIA NORD-OCCIDENTALE","STATI UNITI D'EUROPA","ALESSANDRA","FRANZI","1982","MILANO","42"
" ITALIA NORD-OCCIDENTALE","STATI UNITI D'EUROPA","ANTONELLA","SOLDO","1986","FOGGIA","38"
" ITALIA NORD-OCCIDENTALE","STATI UNITI D'EUROPA","MATTEO","RENZI","1975","FIRENZE","49"
" ITALIA NORD-OCCIDENTALE"," PACE TERRA DIGNITA'","MICHELE","SANTORO","1951","SALERNO","73"
" ITALIA NORD-OCCIDENTALE"," PACE TERRA DIGNITA'","BENEDETTA","SABENE","1995","ROMA","29"
" ITALIA NORD-OCCIDENTALE"," PACE TERRA DIGNITA'","RANIERO LUIGI","LA VALLE","1931","ROMA","93"
" ITALIA NORD-OCCIDENTALE"," PACE TERRA DIGNITA'","GINEVRA ROBERTA","BOMPIANI","1939","MILANO","85"
" ITALIA NORD-OCCIDENTALE"," PACE TERRA DIGNITA'","ANNA BRUNA","CAMPOSAMPIERO","1967","BUSTO ARSIZIO (VA)","57"
" ITALIA NORD-OCCIDENTALE"," PACE TERRA DIGNITA'","MARINA","CASTELLANO","1962","TORINO","62"
" ITALIA NORD-OCCIDENTALE"," PACE TERRA DIGNITA'","FIAMMETTA","CUCURNIA","1957","ROMA","67"
" ITALIA NORD-OCCIDENTALE"," PACE TERRA DIGNITA'","ANGELO","D'ORSI","1947","PONTECAGNANO FAIANO (SA)","77"
" ITALIA NORD-OCCIDENTALE"," PACE TERRA DIGNITA'","FEDERICO","DOLCE","1982","TORINO","42"
" ITALIA NORD-OCCIDENTALE"," PACE TERRA DIGNITA'","TIARE","GATTI MORA","1996","PERUGIA","28"
" ITALIA NORD-OCCIDENTALE"," PACE TERRA DIGNITA'","MARIA RITA","LAGOSTENA","1958","GENOVA","66"
" ITALIA NORD-OCCIDENTALE"," PACE TERRA DIGNITA'","PIERGIORGIO","ODIFREDDI","1950","CUNEO","74"
" ITALIA NORD-OCCIDENTALE"," PACE TERRA DIGNITA'","BICE","PARODI","1954","GENOVA","70"
" ITALIA NORD-OCCIDENTALE"," PACE TERRA DIGNITA'","ENRICO","PEYRETTI","1935","TORINO","89"
" ITALIA NORD-OCCIDENTALE"," PACE TERRA DIGNITA'","GIORGIO","RIVOLTA","1958","MILANO","66"
" ITALIA NORD-OCCIDENTALE"," PACE TERRA DIGNITA'","CRISTIAN","ROMANIELLO","1988","NOVI LIGURE (AL)","36"
" ITALIA NORD-OCCIDENTALE"," PACE TERRA DIGNITA'","PAOLO","ROSSI","1953","MONFALCONE (GO)","71"
" ITALIA NORD-OCCIDENTALE"," PACE TERRA DIGNITA'","NOOR","SHIHADEH","1996","MONTECCHIO EMILIA (RE)","28"
" ITALIA NORD-OCCIDENTALE"," PACE TERRA DIGNITA'","ELENA","URGNANI","1960","MILANO","64"
" ITALIA NORD-OCCIDENTALE"," PACE TERRA DIGNITA'","NICOLAI","VERJBITKII","1980","BENDER (MOLDAVIA)","44"
" ITALIA NORD-OCCIDENTALE","AZIONE - SIAMO EUROPEI","ELENA","BONETTI","1974","ASOLA (MN)","50"
" ITALIA NORD-OCCIDENTALE","AZIONE - SIAMO EUROPEI","GIUSEPPE","ZOLLINO","1962","MAGLIE (LE)","62"
" ITALIA NORD-OCCIDENTALE","AZIONE - SIAMO EUROPEI","MARIAPIA","ABBRACCHIO","1956","MILANO","68"
" ITALIA NORD-OCCIDENTALE","AZIONE - SIAMO EUROPEI","ALESSANDRO","TOMMASI","1985","COMO","39"
" ITALIA NORD-OCCIDENTALE","AZIONE - SIAMO EUROPEI","CATERINA","AVANZA","1981","BRESCIA","43"
" ITALIA NORD-OCCIDENTALE","AZIONE - SIAMO EUROPEI","CUNO JAKOB","TARFUSSER","1954","MERANO (BZ)","70"
" ITALIA NORD-OCCIDENTALE","AZIONE - SIAMO EUROPEI","DANIELA","DI COSMO","1968","MONCALIERI (TO)","56"
" ITALIA NORD-OCCIDENTALE","AZIONE - SIAMO EUROPEI","DANIELE","NAHUM","1983","MILANO","41"
" ITALIA NORD-OCCIDENTALE","AZIONE - SIAMO EUROPEI","SIMONETTA","FIACCADORI","1964","MILANO","60"
" ITALIA NORD-OCCIDENTALE","AZIONE - SIAMO EUROPEI","LEONARDO","LOTTO","1999","AOSTA","25"
" ITALIA NORD-OCCIDENTALE","AZIONE - SIAMO EUROPEI","ANTONELLA","GIRARDI","1969","COMO","55"
" ITALIA NORD-OCCIDENTALE","AZIONE - SIAMO EUROPEI","FEDERICO","GIACOBBE","1983","GENOVA","41"
" ITALIA NORD-OCCIDENTALE","AZIONE - SIAMO EUROPEI","CRISTINA","LODI","1970","GENOVA","54"
" ITALIA NORD-OCCIDENTALE","AZIONE - SIAMO EUROPEI","RICCARDO","DE GIORGI","1976","ANDRIA (BT)","48"
" ITALIA NORD-OCCIDENTALE","AZIONE - SIAMO EUROPEI","MARINA","LOMBARDI","1964","VARESE","60"
" ITALIA NORD-OCCIDENTALE","AZIONE - SIAMO EUROPEI","SALVATORE","CARRARA","1941","MESSINA","83"
" ITALIA NORD-OCCIDENTALE","AZIONE - SIAMO EUROPEI","LAURA","MARCHINI","1972","ARONA (NO)","52"
" ITALIA NORD-OCCIDENTALE","AZIONE - SIAMO EUROPEI","GIOVANNI","BAROSINI","1960","CAVE (RM)","64"
" ITALIA NORD-OCCIDENTALE","AZIONE - SIAMO EUROPEI","FEDERICA","VALCAUDA","1994","BIELLA","30"
" ITALIA NORD-OCCIDENTALE","AZIONE - SIAMO EUROPEI","CARLO","CALENDA","1973","ROMA","51"
" ITALIA NORD-OCCIDENTALE","ALTERNATIVA POPOLARE","STEFANO","BANDECCHI","1961","LIVORNO","63"
" ITALIA NORD-OCCIDENTALE","ALTERNATIVA POPOLARE","ERIKA","NIEDDU","1985","BORGOMANERO (NO)","39"
" ITALIA NORD-OCCIDENTALE","ALTERNATIVA POPOLARE","PAOLO","ALLI","1950","LEGNANO (MI)","74"
" ITALIA NORD-OCCIDENTALE","ALTERNATIVA POPOLARE","GIOVANNI","GRASSO","1990","CASTIGLIONE DELLE STIVIERE (MN)","34"
" ITALIA NORD-OCCIDENTALE","ALTERNATIVA POPOLARE","FIORELLA","BENDINELLI","1955","CASTIGLIONE DELLE STIVIERE (MN)","69"
" ITALIA NORD-OCCIDENTALE","ALTERNATIVA POPOLARE","MARCO","GHIRARDELLO","1989","TORINO","35"
" ITALIA NORD-OCCIDENTALE","ALTERNATIVA POPOLARE","MARTINA MARIA RITA","MARANDO","1992","JESOLO (VE)","32"
" ITALIA NORD-OCCIDENTALE","ALTERNATIVA POPOLARE","GIAN BATTISTA","RONZA","1962","CAMINO (AL)","62"
" ITALIA NORD-OCCIDENTALE","ALTERNATIVA POPOLARE","MELISSA","FACCIN","1993","MONCALIERI (TO)","31"
" ITALIA NORD-OCCIDENTALE","ALTERNATIVA POPOLARE","MARIO","ZACCOUR","1962","BEIRUT (LIBANO)","62"
" ITALIA NORD-OCCIDENTALE","ALTERNATIVA POPOLARE","ELISABETTA MARIA","MARTELLOSIO","1956","LEGNANO (MI)","68"
" ITALIA NORD-OCCIDENTALE","ALTERNATIVA POPOLARE","CLAUDIO","BELOTTI","1969","MILANO","55"
" ITALIA NORD-OCCIDENTALE","ALTERNATIVA POPOLARE","MARINA MARIA","NOCETI","1957","NAPOLI","67"
" ITALIA NORD-OCCIDENTALE","ALTERNATIVA POPOLARE","NUNZIO","SGARRINO","1939","BERNALDA (MT)","85"
" ITALIA NORD-OCCIDENTALE","ALTERNATIVA POPOLARE","FEDERICA","PROCHILO","1989","LOCRI (RC)","35"
" ITALIA NORD-OCCIDENTALE","ALTERNATIVA POPOLARE","SALVATORE","TRESOLDI","1958","MILANO","66"
" ITALIA NORD-OCCIDENTALE","ALTERNATIVA POPOLARE","GIULIANA","GABUTTI","1974","VERCELLI","50"
" ITALIA NORD-OCCIDENTALE","ALTERNATIVA POPOLARE","ROBERTA","MARINACCIO","1953","ROMA","71"
" ITALIA NORD-OCCIDENTALE","LIBERTA'","CATENO","DE LUCA","1972","FIUMEDINISI (ME)","52"
" ITALIA NORD-OCCIDENTALE","LIBERTA'","LAURA","CASTELLI","1986","TORINO","38"
" ITALIA NORD-OCCIDENTALE","LIBERTA'","MARCO","MORI","1978","RAPALLO (GE)","46"
" ITALIA NORD-OCCIDENTALE","LIBERTA'","FRANCESCO","AMODEO","1977","NAPOLI","47"
" ITALIA NORD-OCCIDENTALE","LIBERTA'","ENRICO","BETTINI","1953","AREZZO","71"
" ITALIA NORD-OCCIDENTALE","LIBERTA'","LUCIA","CORDA","1967","ISOLA DI CAPO RIZZUTO (CZ)","57"
" ITALIA NORD-OCCIDENTALE","LIBERTA'","LUIGI","COSENZA","1970","SEREGNO (MB)","54"
" ITALIA NORD-OCCIDENTALE","LIBERTA'","SARA","CUNIAL","1979","ROMA","45"
" ITALIA NORD-OCCIDENTALE","LIBERTA'","SERGIO","DE CAPRIO","1961","MONTEVARCHI (AR)","63"
" ITALIA NORD-OCCIDENTALE","LIBERTA'","ROBERTO","DE MAGISTRIS","1953","VERBANIA","71"
" ITALIA NORD-OCCIDENTALE","LIBERTA'","ERMANNO","GAVAZZI","1951","TREVIGLIO (BG)","73"
" ITALIA NORD-OCCIDENTALE","LIBERTA'","FRANCESCA","GENTILE","1979","MILANO","45"
" ITALIA NORD-OCCIDENTALE","LIBERTA'","SILVIA","MARTINI","1974","VENARIA REALE (TO)","50"
" ITALIA NORD-OCCIDENTALE","LIBERTA'","DESIREE CHIARA","MERLINI","1964","MILANO","60"
" ITALIA NORD-OCCIDENTALE","LIBERTA'","ROSALBA","PIZZULO","1971","MILANO","53"
" ITALIA NORD-OCCIDENTALE","LIBERTA'","ENRICO","RIZZI","1989","ERICE (TP)","35"
" ITALIA NORD-OCCIDENTALE","LIBERTA'","GIOVANNI","SGROI","1955","MESSINA","69"
" ITALIA NORD-OCCIDENTALE","LIBERTA'","GIOVANNA","STELLA","1962","ALESSANDRIA","62"
" ITALIA NORD-OCCIDENTALE","LIBERTA'","IRENE","VACCARO","1979","TORINO","45"
" ITALIA NORD-OCCIDENTALE","LIBERTA'","CRISTINA","ZACCANTI","1952","CASTELNUOVO RANGONE (MO)","72"
" ITALIA NORD-OCCIDENTALE","RASSEMBLEMENT VALDOTAIN","STEFANO","AGGRAVI","1985","AOSTA","39"
" ITALIA NORD-OCCIDENTALE","RASSEMBLEMENT VALDOTAIN","MARTINA","LOMBARD","1999","AOSTA","25"
" ITALIA NORD-OCCIDENTALE","RASSEMBLEMENT VALDOTAIN","PIERMASSIMO","GUARNERO","1967","CASALE MONFERRATO (AL)","57"
" ITALIA NORD-OCCIDENTALE","PARTITO DEMOCRATICO","CECILIA MARIA","STRADA","1979","MILANO","45"
" ITALIA NORD-OCCIDENTALE","PARTITO DEMOCRATICO","BRANDO MARIA","BENIFEI","1986","LA SPEZIA","38"
" ITALIA NORD-OCCIDENTALE","PARTITO DEMOCRATICO","IRENE","TINAGLI","1974","EMPOLI (FI)","50"
" ITALIA NORD-OCCIDENTALE","PARTITO DEMOCRATICO","ALESSANDRO","ZAN","1973","PADOVA","51"
" ITALIA NORD-OCCIDENTALE","PARTITO DEMOCRATICO","ANTONELLA","PARIGI","1961","TORINO","63"
" ITALIA NORD-OCCIDENTALE","PARTITO DEMOCRATICO","GIORGIO","GORI","1960","BERGAMO","64"
" ITALIA NORD-OCCIDENTALE","PARTITO DEMOCRATICO","ELEONORA","EVI","1983","MILANO","41"
" ITALIA NORD-OCCIDENTALE","PARTITO DEMOCRATICO","PIERFRANCESCO","MARAN","1980","MILANO","44"
" ITALIA NORD-OCCIDENTALE","PARTITO DEMOCRATICO","PATRIZIA FERMA FRANCESCA","TOIA","1950","POGLIANO MILANESE (MI)","74"
" ITALIA NORD-OCCIDENTALE","PARTITO DEMOCRATICO","DAVIDE","MATTIELLO","1972","TORINO","52"
" ITALIA NORD-OCCIDENTALE","PARTITO DEMOCRATICO","ELENA","ACCOSSATO","1995","CHIERI (TO)","29"
" ITALIA NORD-OCCIDENTALE","PARTITO DEMOCRATICO","EMANUELE","FIANO","1963","MILANO","61"
" ITALIA NORD-OCCIDENTALE","PARTITO DEMOCRATICO","MONICA","ROMANO","1979","MILANO","45"
" ITALIA NORD-OCCIDENTALE","PARTITO DEMOCRATICO","FULVIO","CENTOZ","1975","AOSTA","49"
" ITALIA NORD-OCCIDENTALE","PARTITO DEMOCRATICO","LUCIA CARMELA","ARTUSI","1982","COSENZA","42"
" ITALIA NORD-OCCIDENTALE","PARTITO DEMOCRATICO","FABIO","PIZZUL","1965","CORMONS (GO)","59"
" ITALIA NORD-OCCIDENTALE","PARTITO DEMOCRATICO","DONATELLA ANITA","ALFONSO","1957","GENOVA","67"
" ITALIA NORD-OCCIDENTALE","PARTITO DEMOCRATICO","LUCA GIUSEPPE","JAHIER","1962","TORINO","62"
" ITALIA NORD-OCCIDENTALE","PARTITO DEMOCRATICO","PAOLA","GIUDICEANDREA","1978","COMO","46"
" ITALIA NORD-OCCIDENTALE","PARTITO DEMOCRATICO","FABIO","BOTTERO","1978","MILANO","46"
" ITALIA NORD-OCCIDENTALE","FORZA ITALIA - NOI MODERATI - PPE","ANTONIO","TAJANI","1953","ROMA","71"
" ITALIA NORD-OCCIDENTALE","FORZA ITALIA - NOI MODERATI - PPE","LETIZIA MARIA","BRICHETTO ARNABOLDI","1949","MILANO","75"
" ITALIA NORD-OCCIDENTALE","FORZA ITALIA - NOI MODERATI - PPE","PAOLO","DAMILANO","1965","TORINO","59"
" ITALIA NORD-OCCIDENTALE","FORZA ITALIA - NOI MODERATI - PPE","MASSIMILIANO","SALINI","1973","SORESINA (CR)","51"
" ITALIA NORD-OCCIDENTALE","FORZA ITALIA - NOI MODERATI - PPE","STEFANIA","ZAMBELLI","1971","SALO' (BS)","53"
" ITALIA NORD-OCCIDENTALE","FORZA ITALIA - NOI MODERATI - PPE","ANDREA","COSTA","1970","LA SPEZIA","54"
" ITALIA NORD-OCCIDENTALE","FORZA ITALIA - NOI MODERATI - PPE","ROBERTO","COTA","1968","NOVARA","56"
" ITALIA NORD-OCCIDENTALE","FORZA ITALIA - NOI MODERATI - PPE","LAURA","D'INCALCI","1950","MILANO","74"
" ITALIA NORD-OCCIDENTALE","FORZA ITALIA - NOI MODERATI - PPE","FIRIAL CHERIMA","FTEITA","1957","CASALE MONFERRATO (AL)","67"
" ITALIA NORD-OCCIDENTALE","FORZA ITALIA - NOI MODERATI - PPE","GUSTAVO","GILI","1967","TORINO","57"
" ITALIA NORD-OCCIDENTALE","FORZA ITALIA - NOI MODERATI - PPE","LUIGI","GRILLO","1943","CARRARA","81"
" ITALIA NORD-OCCIDENTALE","FORZA ITALIA - NOI MODERATI - PPE","CLARA","MARTA","1968","TORINO","56"
" ITALIA NORD-OCCIDENTALE","FORZA ITALIA - NOI MODERATI - PPE","LAURA","MENARDI","1973","CUNEO","51"
" ITALIA NORD-OCCIDENTALE","FORZA ITALIA - NOI MODERATI - PPE","DINA","NOBILI","1970","LA SPEZIA","54"
" ITALIA NORD-OCCIDENTALE","FORZA ITALIA - NOI MODERATI - PPE","MATTEO","PASSONI","1970","GORGONZOLA (MI)","54"
" ITALIA NORD-OCCIDENTALE","FORZA ITALIA - NOI MODERATI - PPE","SILVIA","PIANI","1987","VIGEVANO (PV)","37"
" ITALIA NORD-OCCIDENTALE","FORZA ITALIA - NOI MODERATI - PPE","CLAUDIA","PORCHIETTO","1967","VENARIA REALE (TO)","57"
" ITALIA NORD-OCCIDENTALE","FORZA ITALIA - NOI MODERATI - PPE","MARCO GIOVANNI","REGUZZONI","1971","BUSTO ARSIZIO (VA)","53"
" ITALIA NORD-OCCIDENTALE","FORZA ITALIA - NOI MODERATI - PPE","BEATRICE","RIZZI","1960","CASALPUSTERLENGO (LO)","64"
" ITALIA NORD-OCCIDENTALE","FORZA ITALIA - NOI MODERATI - PPE","GIUSEPPE ANDREA","ROMEO","1987","SARONNO (VA)","37"
" ITALIA NORD-OCCIDENTALE","MOVIMENTO 5 STELLE","MARIA ANGELA","DANZI'","1957","LIBRIZZI (ME)","67"
" ITALIA NORD-OCCIDENTALE","MOVIMENTO 5 STELLE","GAETANO","PEDULLA'","1967","CATANIA","57"
" ITALIA NORD-OCCIDENTALE","MOVIMENTO 5 STELLE","ANTONELLA","PEPE","1974","TORINO","50"
" ITALIA NORD-OCCIDENTALE","MOVIMENTO 5 STELLE","SEAN","SACCO","1992","NOVI LIGURE (AL)","32"
" ITALIA NORD-OCCIDENTALE","MOVIMENTO 5 STELLE","ESTER LUISA","LANFRANCHI","1954","SOMMA LOMBARDO (VA)","70"
" ITALIA NORD-OCCIDENTALE","MOVIMENTO 5 STELLE","GIORGIA","ALLARIO","1972","TORINO","52"
" ITALIA NORD-OCCIDENTALE","MOVIMENTO 5 STELLE","DANIELA","GOBBO","1979","DESIO (MB)","45"
" ITALIA NORD-OCCIDENTALE","MOVIMENTO 5 STELLE","SIMONE","VERNI","1975","VOGHERA (PV)","49"
" ITALIA NORD-OCCIDENTALE","MOVIMENTO 5 STELLE","PAOLA","MAZZOLA","1965","SONDRIO","59"
" ITALIA NORD-OCCIDENTALE","MOVIMENTO 5 STELLE","ELENA","CALOGERO","1965","MILANO","59"
" ITALIA NORD-OCCIDENTALE","MOVIMENTO 5 STELLE","ISABELLA","PARINI","1978","CITTIGLIO (VA)","46"
" ITALIA NORD-OCCIDENTALE","MOVIMENTO 5 STELLE","FABIO ","ROMANO","1988","GENOVA","36"
" ITALIA NORD-OCCIDENTALE","MOVIMENTO 5 STELLE","CAROLINA","SALA","1968","MILANO","56"
" ITALIA NORD-OCCIDENTALE","MOVIMENTO 5 STELLE","LUCA","COLOMBO","1970","SEREGNO (MB)","54"
" ITALIA NORD-OCCIDENTALE","MOVIMENTO 5 STELLE","FABIO","ALEOTTI","1971","COMO","53"
" ITALIA NORD-OCCIDENTALE","MOVIMENTO 5 STELLE","MARIANGELA","STURARO","1961","LODI","63"
" ITALIA NORD-OCCIDENTALE","MOVIMENTO 5 STELLE","DENIS ","NUNGA LODI","1978","LUBUMBASHI (REPUBBLICA DEMOCRATICA DEL CONGO)","46"
" ITALIA NORD-OCCIDENTALE","MOVIMENTO 5 STELLE","CLAUDIO","VOLPE","1965","TORINO","59"
" ITALIA NORD-OCCIDENTALE","MOVIMENTO 5 STELLE","JEAN-FRANCOIS","BOUDARD","1957","NANTERRE (FRANCIA)","67"
" ITALIA NORD-OCCIDENTALE","MOVIMENTO 5 STELLE","FABRIZIO","BERTOLAMI","1971","SANREMO (IM)","53"
" ITALIA NORD-OCCIDENTALE","ALLEANZA VERDI E SINISTRA","ILARIA","SALIS","1984","MILANO","40"
" ITALIA NORD-OCCIDENTALE","ALLEANZA VERDI E SINISTRA","IGNAZIO ROBERTO MARIA","MARINO","1955","GENOVA","69"
" ITALIA NORD-OCCIDENTALE","ALLEANZA VERDI E SINISTRA","MASSIMILIANO","SMERIGLIO","1966","ROMA","58"
" ITALIA NORD-OCCIDENTALE","ALLEANZA VERDI E SINISTRA","BENEDETTA","SCUDERI","1991","AGROPOLI (SA)","33"
" ITALIA NORD-OCCIDENTALE","ALLEANZA VERDI E SINISTRA","DOMENICO","LUCANO","1958","MELITO DI PORTO SALVO (RC)","66"
" ITALIA NORD-OCCIDENTALE","ALLEANZA VERDI E SINISTRA","GIOVANNI","MORI","1993","GARDONE VAL TROMPIA (BS)","31"
" ITALIA NORD-OCCIDENTALE","ALLEANZA VERDI E SINISTRA","ARIANNA","BETTIN","1995","SIENA","29"
" ITALIA NORD-OCCIDENTALE","ALLEANZA VERDI E SINISTRA","MARIO","SALOMONE","1949","POTENZA","75"
" ITALIA NORD-OCCIDENTALE","ALLEANZA VERDI E SINISTRA","ANDREA JOHN","DEJANAZ","1992","AOSTA","32"
" ITALIA NORD-OCCIDENTALE","ALLEANZA VERDI E SINISTRA","STEFANO","APUZZO","1966","NAPOLI","58"
" ITALIA NORD-OCCIDENTALE","ALLEANZA VERDI E SINISTRA","ANDREA","CEGNA","1982","LEGNANO (MI)","42"
" ITALIA NORD-OCCIDENTALE","ALLEANZA VERDI E SINISTRA","DANIELE","CICALA","1997","LAVAGNA (GE)","27"
" ITALIA NORD-OCCIDENTALE","ALLEANZA VERDI E SINISTRA","SIMONA","COSSO","1971","GENOVA","53"
" ITALIA NORD-OCCIDENTALE","ALLEANZA VERDI E SINISTRA","ANGELA","FEDI","1971","FINALE LIGURE (SV)","53"
" ITALIA NORD-OCCIDENTALE","ALLEANZA VERDI E SINISTRA","ERICA","INNISI","1995","GUASTALLA (RE)","29"
" ITALIA NORD-OCCIDENTALE","ALLEANZA VERDI E SINISTRA","SIMONA","MERISI","1972","MELZO (MI)","52"
" ITALIA NORD-OCCIDENTALE","ALLEANZA VERDI E SINISTRA","CHIARA","MINELLI","1966","AOSTA","58"
" ITALIA NORD-OCCIDENTALE","ALLEANZA VERDI E SINISTRA","SUAD","OMAR SHEIKH ESAHAQ","1967","MOGADISCIO (SOMALIA)","57"
" ITALIA NORD-OCCIDENTALE","ALLEANZA VERDI E SINISTRA","JESSICA","TODARO","1993","ROMA","31"
" ITALIA NORD-OCCIDENTALE","ALLEANZA VERDI E SINISTRA","GIORGIO","VACCHIANO","1980","TORINO","44"
" ITALIA NORD-OCCIDENTALE","FRATELLI D'ITALIA","GIORGIA","MELONI","1977","ROMA","47"
" ITALIA NORD-OCCIDENTALE","FRATELLI D'ITALIA","CARLO","FIDANZA","1976","SAN BENEDETTO DEL TRONTO (AP)","48"
" ITALIA NORD-OCCIDENTALE","FRATELLI D'ITALIA","VINCENZO","AMICH","1977","CASALE MONFERRATO (AL)","47"
" ITALIA NORD-OCCIDENTALE","FRATELLI D'ITALIA","PATRIZIA","BAFFI","1967","MALEO (LO)","57"
" ITALIA NORD-OCCIDENTALE","FRATELLI D'ITALIA","STEFANO","BALLEARI","1958","GENOVA","66"
" ITALIA NORD-OCCIDENTALE","FRATELLI D'ITALIA","FEDERICA","BARBERO","1972","SAVIGLIANO (CN)","52"
" ITALIA NORD-OCCIDENTALE","FRATELLI D'ITALIA","MARCO","COLOMBO","1964","VARESE","60"
" ITALIA NORD-OCCIDENTALE","FRATELLI D'ITALIA","GIOVANNI","CROSETTO","1990","SAVIGLIANO (CN)","34"
" ITALIA NORD-OCCIDENTALE","FRATELLI D'ITALIA","PIETRO","FIOCCHI","1964","MILANO","60"
" ITALIA NORD-OCCIDENTALE","FRATELLI D'ITALIA","ELEONORA","FRIGERIO","1976","CARATE BRIANZA (MB)","48"
" ITALIA NORD-OCCIDENTALE","FRATELLI D'ITALIA","FRANCO","GIANCARLO","1957","ROMA","67"
" ITALIA NORD-OCCIDENTALE","FRATELLI D'ITALIA","GIOVANNA","GIOLITTI","1975","SAVIGLIANO (CN)","49"
" ITALIA NORD-OCCIDENTALE","FRATELLI D'ITALIA","PAOLO","INSELVINI","1994","BRESCIA","30"
" ITALIA NORD-OCCIDENTALE","FRATELLI D'ITALIA","LARA","MAGONI","1969","ALZANO LOMBARDO (BG)","55"
" ITALIA NORD-OCCIDENTALE","FRATELLI D'ITALIA","MARIO","MANTOVANI","1950","ARCONATE (MI)","74"
" ITALIA NORD-OCCIDENTALE","FRATELLI D'ITALIA","ELENA","NAI","1970","VIGEVANO (PV)","54"
" ITALIA NORD-OCCIDENTALE","FRATELLI D'ITALIA","FEDERICA","PICCHI","1975","LA SPEZIA","49"
" ITALIA NORD-OCCIDENTALE","FRATELLI D'ITALIA","VINCENZO","SOFO","1986","MILANO","38"
" ITALIA NORD-OCCIDENTALE","FRATELLI D'ITALIA","ANTONELLA","TOSI","1960","RIMINI","64"
" ITALIA NORD-OCCIDENTALE","FRATELLI D'ITALIA","MARIATERESA","VIVALDINI","1967","BRESCIA","57"
" ITALIA NORD-ORIENTALE","FORZA ITALIA - NOI MODERATI - PPE","ANTONIO","TAJANI","1953","ROMA","71"
" ITALIA NORD-ORIENTALE","FORZA ITALIA - NOI MODERATI - PPE","SANDRA","SAVINO","1960","TRIESTE","64"
" ITALIA NORD-ORIENTALE","FORZA ITALIA - NOI MODERATI - PPE","FLAVIO","TOSI","1969","VERONA","55"
" ITALIA NORD-ORIENTALE","FORZA ITALIA - NOI MODERATI - PPE","MATTEO","GAZZINI","1985","BOLZANO","39"
" ITALIA NORD-ORIENTALE","FORZA ITALIA - NOI MODERATI - PPE","ROSARIA","TASSINARI","1967","FORLI'","57"
" ITALIA NORD-ORIENTALE","FORZA ITALIA - NOI MODERATI - PPE","CRISTINA","ANDRETTA","1979","CASTELFRANCO VENETO (TV)","45"
" ITALIA NORD-ORIENTALE","FORZA ITALIA - NOI MODERATI - PPE","GIAMPIERO","AVRUSCIO","1956","COSENZA","68"
" ITALIA NORD-ORIENTALE","FORZA ITALIA - NOI MODERATI - PPE","ANTONIO","CENINI","1969","REGGIO NELL'EMILIA","55"
" ITALIA NORD-ORIENTALE","FORZA ITALIA - NOI MODERATI - PPE","FRANCESCO","COPPI","1968","MODENA","56"
" ITALIA NORD-ORIENTALE","FORZA ITALIA - NOI MODERATI - PPE","ARIANNA","CORROPPOLI","1972","VENEZIA","52"
" ITALIA NORD-ORIENTALE","FORZA ITALIA - NOI MODERATI - PPE","ISABELLA","DOTTO","1970","LUSSEMBURGO (LUSSEMBURGO)","54"
" ITALIA NORD-ORIENTALE","FORZA ITALIA - NOI MODERATI - PPE","BRUNO","MOLEA","1955","TRIPOLI (LIBIA)","69"
" ITALIA NORD-ORIENTALE","FORZA ITALIA - NOI MODERATI - PPE","DEBORAH","ONISTO","1966","VIGANELLO (SVIZZERA)","58"
" ITALIA NORD-ORIENTALE","FORZA ITALIA - NOI MODERATI - PPE","ANTONIO","PLATIS","1980","MIRANDOLA (MO)","44"
" ITALIA NORD-ORIENTALE","FORZA ITALIA - NOI MODERATI - PPE","ALESSANDRA","SERVIDORI","1949","BOLOGNA","75"
" ITALIA NORD-ORIENTALE","SUDTIROLER VOLKSPARTEI (SVP)","HERBERT","DORFMANN","1969","BRESSANONE (BZ)","55"
" ITALIA NORD-ORIENTALE","SUDTIROLER VOLKSPARTEI (SVP)","ROBERTA","BERGAMO","1963","TRENTO","61"
" ITALIA NORD-ORIENTALE","SUDTIROLER VOLKSPARTEI (SVP)","FELIX","NAGLER","1995","BRESSANONE (BZ)","29"
" ITALIA NORD-ORIENTALE","SUDTIROLER VOLKSPARTEI (SVP)","FRANCA","PADOVAN","1966","GORIZIA","58"
" ITALIA NORD-ORIENTALE","SUDTIROLER VOLKSPARTEI (SVP)","OTTO","VON DELLEMANN","1953","BOLZANO","71"
" ITALIA NORD-ORIENTALE","SUDTIROLER VOLKSPARTEI (SVP)","URSULA","THALER","1979","BOLZANO","45"
" ITALIA NORD-ORIENTALE","STATI UNITI D'EUROPA","GRAHAM ROBERT","WATSON","1956","ROTHESAY (REGNO UNITO)","68"
" ITALIA NORD-ORIENTALE","STATI UNITI D'EUROPA","ANTONELLA","SOLDO","1986","FOGGIA","38"
" ITALIA NORD-ORIENTALE","STATI UNITI D'EUROPA","GIULIA","PIGONI","1990","SASSUOLO (MO)","34"
" ITALIA NORD-ORIENTALE","STATI UNITI D'EUROPA","DAVIDE","BENDINELLI","1974","CAPRINO VERONESE (VR)","50"
" ITALIA NORD-ORIENTALE","STATI UNITI D'EUROPA","GABRIELLA","CHIELLINO","1970","PORDENONE","54"
" ITALIA NORD-ORIENTALE","STATI UNITI D'EUROPA","MUHAREM","SALJIHU","1968","TUPALE (SERBIA)","56"
" ITALIA NORD-ORIENTALE","STATI UNITI D'EUROPA","MARIA LAURA","MORETTI","1957","SARSINA (FC)","67"
" ITALIA NORD-ORIENTALE","STATI UNITI D'EUROPA","GIORGIO","PASETTO","1967","VERONA","57"
" ITALIA NORD-ORIENTALE","STATI UNITI D'EUROPA","FRANCESCO","BRAGAGNI","1987","RIMINI","37"
" ITALIA NORD-ORIENTALE","STATI UNITI D'EUROPA","MARINA","SORINA","1973","KHARKIV (UCRAINA)","51"
" ITALIA NORD-ORIENTALE","STATI UNITI D'EUROPA","LUIGI","GIORDANI","1935","VENEZIA","89"
" ITALIA NORD-ORIENTALE","STATI UNITI D'EUROPA","FABIO","VALCANOVER","1956","TRENTO","68"
" ITALIA NORD-ORIENTALE","STATI UNITI D'EUROPA","AURORA","PEZZUTO","1998","MOTTA DI LIVENZA (TV)","26"
" ITALIA NORD-ORIENTALE","STATI UNITI D'EUROPA","NICOLA","CESARI","1979","PARMA","45"
" ITALIA NORD-ORIENTALE","STATI UNITI D'EUROPA","KATERYNA","SHMORHAY","1976","ZARUBYNTSI (UCRAINA)","48"
" ITALIA NORD-ORIENTALE","ALTERNATIVA POPOLARE","STEFANO","BANDECCHI","1961","LIVORNO","63"
" ITALIA NORD-ORIENTALE","ALTERNATIVA POPOLARE","LUCREZIA","CHERMAZ","1991","TRIESTE","33"
" ITALIA NORD-ORIENTALE","ALTERNATIVA POPOLARE","ALBERTO","BOSI","1981","CARPI (MO)","43"
" ITALIA NORD-ORIENTALE","ALTERNATIVA POPOLARE","SABINE","GRUBER","1975","BOLZANO","49"
" ITALIA NORD-ORIENTALE","ALTERNATIVA POPOLARE","FILIPPO","BRUSCHI","1982","PIACENZA","42"
" ITALIA NORD-ORIENTALE","ALTERNATIVA POPOLARE","MIRIAM","NARDELLI","1974","MESAGNE (BR)","50"
" ITALIA NORD-ORIENTALE","ALTERNATIVA POPOLARE","MARCO","SCHENARDI","1968","SAN GIORGIO PIACENTINO (PC)","56"
" ITALIA NORD-ORIENTALE","ALTERNATIVA POPOLARE","SILVIA","PILATI","1958","VICENZA","66"
" ITALIA NORD-ORIENTALE","ALTERNATIVA POPOLARE","PAOLO","ALLI","1950","LEGNANO (MI)","74"
" ITALIA NORD-ORIENTALE","ALTERNATIVA POPOLARE","BARBARA","PREVIATI","1971","FERRARA","53"
" ITALIA NORD-ORIENTALE"," PACE TERRA DIGNITA'","RANIERO LUIGI","LA VALLE","1931","ROMA","93"
" ITALIA NORD-ORIENTALE"," PACE TERRA DIGNITA'","BENEDETTA","SABENE","1995","ROMA","29"
" ITALIA NORD-ORIENTALE"," PACE TERRA DIGNITA'","MICHELE","SANTORO","1951","SALERNO","73"
" ITALIA NORD-ORIENTALE"," PACE TERRA DIGNITA'","KHALED","AL ZEER","1964","TAMREH (GIORDANIA)","60"
" ITALIA NORD-ORIENTALE"," PACE TERRA DIGNITA'","VALERIA","ALLOCATI","1967","NAPOLI","57"
" ITALIA NORD-ORIENTALE"," PACE TERRA DIGNITA'","PIER-GIORGIO","ARDENI","1959","ROMA","65"
" ITALIA NORD-ORIENTALE"," PACE TERRA DIGNITA'","GINEVRA ROBERTA","BOMPIANI","1939","MILANO","85"
" ITALIA NORD-ORIENTALE"," PACE TERRA DIGNITA'","FIAMMETTA","CUCURNIA","1957","ROMA","67"
" ITALIA NORD-ORIENTALE"," PACE TERRA DIGNITA'","FRANCESCO","DI MATTEO","1945","FOLIGNO (PG)","79"
" ITALIA NORD-ORIENTALE"," PACE TERRA DIGNITA'","DARIO","DONGO","1971","GENOVA","53"
" ITALIA NORD-ORIENTALE"," PACE TERRA DIGNITA'","LUIGI","GALLO","1969","MERANO (BZ)","55"
" ITALIA NORD-ORIENTALE"," PACE TERRA DIGNITA'","ALESSANDRA","GUERRA","1963","UDINE","61"
" ITALIA NORD-ORIENTALE"," PACE TERRA DIGNITA'","PAOLO","ROSSI","1953","MONFALCONE (GO)","71"
" ITALIA NORD-ORIENTALE"," PACE TERRA DIGNITA'","ELECTRA","STAMBOULIS","1969","BOLOGNA","55"
" ITALIA NORD-ORIENTALE"," PACE TERRA DIGNITA'","ELISA","TAGLIAVINI","1989","CASTEL SAN PIETRO TERME (BO)","35"
" ITALIA NORD-ORIENTALE","MOVIMENTO 5 STELLE","SABRINA","PIGNEDOLI","1983","CASTELNOVO NE' MONTI (RE)","41"
" ITALIA NORD-ORIENTALE","MOVIMENTO 5 STELLE","UGO","BIGGERI","1966","FIRENZE","58"
" ITALIA NORD-ORIENTALE","MOVIMENTO 5 STELLE","MARTINA","PLUDA","1989","MILANO","35"
" ITALIA NORD-ORIENTALE","MOVIMENTO 5 STELLE","CINZIA","MORSIANI","1970","IMOLA (BO)","54"
" ITALIA NORD-ORIENTALE","MOVIMENTO 5 STELLE","PAOLA","GORI","1973","CREMONA","51"
" ITALIA NORD-ORIENTALE","MOVIMENTO 5 STELLE","MARIA ANGELA","FERRI","1981","ODERZO (TV)","43"
" ITALIA NORD-ORIENTALE","MOVIMENTO 5 STELLE","GIACOMO","ZATTINI","1996"," CESENA ","28"
" ITALIA NORD-ORIENTALE","MOVIMENTO 5 STELLE","PAOLO","BERNINI","1987","CENTO (FE)","37"
" ITALIA NORD-ORIENTALE","MOVIMENTO 5 STELLE","MOHAMAD KAMEL","MALAK","1955","KATERMAYA (LIBANO)","69"
" ITALIA NORD-ORIENTALE","MOVIMENTO 5 STELLE","STEFANIA","BRAGHETTA","1969","FERRARA","55"
" ITALIA NORD-ORIENTALE","MOVIMENTO 5 STELLE","RADA","BOLOGNESI","1991","LUGO (RA)","33"
" ITALIA NORD-ORIENTALE","MOVIMENTO 5 STELLE","FULVIA","PANZA","1970","SALERNO","54"
" ITALIA NORD-ORIENTALE","MOVIMENTO 5 STELLE","DIEGO","NICOLINI","1969","PERGINE VALSUGANA (TN)","55"
" ITALIA NORD-ORIENTALE","MOVIMENTO 5 STELLE","ANDREA","BARDIN","1968","VICENZA","56"
" ITALIA NORD-ORIENTALE","MOVIMENTO 5 STELLE","CESIDIO","ANTIDORMI","1964","BASSANO DEL GRAPPA (VI)","60"
" ITALIA NORD-ORIENTALE","LIBERTA'","CATENO","DE LUCA","1972","FIUMEDINISI (ME)","52"
" ITALIA NORD-ORIENTALE","LIBERTA'","LAURA","CASTELLI","1986","TORINO","38"
" ITALIA NORD-ORIENTALE","LIBERTA'","VITO","COMENCINI","1987","BUSSOLENGO (VR)","37"
" ITALIA NORD-ORIENTALE","LIBERTA'","FRANCESCO","AMODEO","1977","NAPOLI","47"
" ITALIA NORD-ORIENTALE","LIBERTA'","MAURO","BECCARI","1958","BERRA (FE)","66"
" ITALIA NORD-ORIENTALE","LIBERTA'","SARA","CUNIAL","1979","ROMA","45"
" ITALIA NORD-ORIENTALE","LIBERTA'","MIRKO","DE CARLI","1984","RAVENNA","40"
" ITALIA NORD-ORIENTALE","LIBERTA'","REHANA","KAUSAR","1964","SIALKOT (PAKISTAN)","60"
" ITALIA NORD-ORIENTALE","LIBERTA'","MERYEM","KHAIOUI","1985","CASABLANCA (MAROCCO)","39"
" ITALIA NORD-ORIENTALE","LIBERTA'","CHIARA VANESSA","MICHELON","1993","CODIGORO (FE)","31"
" ITALIA NORD-ORIENTALE","LIBERTA'","CINZIA","PASI","1962","RAVENNA","62"
" ITALIA NORD-ORIENTALE","LIBERTA'","UGO","ROSSI","1991","PALMANOVA (UD)","33"
" ITALIA NORD-ORIENTALE","LIBERTA'","ENRICO","RIZZI","1989","ERICE (TP)","35"
" ITALIA NORD-ORIENTALE","LIBERTA'","PAOLO","SILVAGNI","1985","LUGO (RA)","39"
" ITALIA NORD-ORIENTALE","LIBERTA'","GIORGIA","TRIPOLI","1983","PALMANOVA (UD)","41"
" ITALIA NORD-ORIENTALE","ALLEANZA VERDI E SINISTRA","CRISTINA","GUARDA","1990","COLOGNA VENETA (VR)","34"
" ITALIA NORD-ORIENTALE","ALLEANZA VERDI E SINISTRA","DOMENICO","LUCANO","1958","MELITO DI PORTO SALVO (RC)","66"
" ITALIA NORD-ORIENTALE","ALLEANZA VERDI E SINISTRA","BRIGITTE","FOPPA","1968","BOLZANO","56"
" ITALIA NORD-ORIENTALE","ALLEANZA VERDI E SINISTRA","NICOLA","DALL'OLIO","1969","PARMA","55"
" ITALIA NORD-ORIENTALE","ALLEANZA VERDI E SINISTRA","JESSICA VERONICA","CUGINI","1973","SASSARI","51"
" ITALIA NORD-ORIENTALE","ALLEANZA VERDI E SINISTRA","ALESSANDRO","FRANCESCHINI","1974","TRENTO","50"
" ITALIA NORD-ORIENTALE","ALLEANZA VERDI E SINISTRA","FRANCESCA","CAPRINI","1973","MILANO","51"
" ITALIA NORD-ORIENTALE","ALLEANZA VERDI E SINISTRA","STEFANO","DALL'AGATA","1960","TREVISO","64"
" ITALIA NORD-ORIENTALE","ALLEANZA VERDI E SINISTRA","ALESSANDRA","FILIPPI","1965","MODENA","59"
" ITALIA NORD-ORIENTALE","ALLEANZA VERDI E SINISTRA","GIULIA","GIORGI","1972","MONFALCONE (GO)","52"
" ITALIA NORD-ORIENTALE","ALLEANZA VERDI E SINISTRA","ALESSANDRA","MION","1959","DOLO (VE)","65"
" ITALIA NORD-ORIENTALE","ALLEANZA VERDI E SINISTRA","EMANUEL","OIAN","1998","TOLMEZZO (UD)","26"
" ITALIA NORD-ORIENTALE","ALLEANZA VERDI E SINISTRA","JESSICA","TODARO","1993","ROMA","31"
" ITALIA NORD-ORIENTALE","ALLEANZA VERDI E SINISTRA","PAOLO","TRANDE","1965","SPECCHIA (LE)","59"
" ITALIA NORD-ORIENTALE","ALLEANZA VERDI E SINISTRA","FRANCESCO","GONELLA","1959","PADOVA","65"
" ITALIA NORD-ORIENTALE","PARTITO DEMOCRATICO","STEFANO","BONACCINI","1967","MODENA","57"
" ITALIA NORD-ORIENTALE","PARTITO DEMOCRATICO","ANNALISA","CORRADO","1973","CIVITAVECCHIA (RM)","51"
" ITALIA NORD-ORIENTALE","PARTITO DEMOCRATICO","IVAN","PEDRETTI","1954","GARDONE VAL TROMPIA (BS)","70"
" ITALIA NORD-ORIENTALE","PARTITO DEMOCRATICO","ELISABETTA","GUALMINI","1968","MODENA","56"
" ITALIA NORD-ORIENTALE","PARTITO DEMOCRATICO","ALESSANDRO","ZAN","1973","PADOVA","51"
" ITALIA NORD-ORIENTALE","PARTITO DEMOCRATICO","ALESSANDRA","MORETTI","1973","VICENZA","51"
" ITALIA NORD-ORIENTALE","PARTITO DEMOCRATICO","SARA","VITO","1976","GORIZIA","48"
" ITALIA NORD-ORIENTALE","PARTITO DEMOCRATICO","SARA","FERRARI","1971","ROVERETO (TN)","53"
" ITALIA NORD-ORIENTALE","PARTITO DEMOCRATICO","ANTONIO","MUMOLO","1962","BRINDISI","62"
" ITALIA NORD-ORIENTALE","PARTITO DEMOCRATICO","GIUDITTA","PINI","1984","CARPI (MO)","40"
" ITALIA NORD-ORIENTALE","PARTITO DEMOCRATICO","MARCELLO","SALTARELLI","1992","BOLOGNA","32"
" ITALIA NORD-ORIENTALE","PARTITO DEMOCRATICO","SILVIA","PANINI","1998","MIRANDOLA (MO)","26"
" ITALIA NORD-ORIENTALE","PARTITO DEMOCRATICO","LORENZO","GENNARI","1995","PERUGIA","29"
" ITALIA NORD-ORIENTALE","PARTITO DEMOCRATICO","PAOLA","GAZZOLO","1966","PIACENZA","58"
" ITALIA NORD-ORIENTALE","PARTITO DEMOCRATICO","ANDREA","ZANONI","1965","TREVISO","59"
" ITALIA NORD-ORIENTALE","FRATELLI D'ITALIA","GIORGIA","MELONI","1977","ROMA","47"
" ITALIA NORD-ORIENTALE","FRATELLI D'ITALIA","SERGIO ANTONIO","BERLATO","1959","MARANO VICENTINO (VI)","65"
" ITALIA NORD-ORIENTALE","FRATELLI D'ITALIA","ALESSIA","AMBROSI","1982","NEGRAR (VR)","42"
" ITALIA NORD-ORIENTALE","FRATELLI D'ITALIA","ANTONELLA","ARGENTI","1968","PADOVA","56"
" ITALIA NORD-ORIENTALE","FRATELLI D'ITALIA","SILVIA","BOLLA","1959","MIRA (VE)","65"
" ITALIA NORD-ORIENTALE","FRATELLI D'ITALIA","STEFANO","CAVEDAGNA","1989","BOLOGNA","35"
" ITALIA NORD-ORIENTALE","FRATELLI D'ITALIA","ALESSANDRO","CIRIANI","1970","PORDENONE","54"
" ITALIA NORD-ORIENTALE","FRATELLI D'ITALIA","ELENA","DONAZZAN","1972","BASSANO DEL GRAPPA (VI)","52"
" ITALIA NORD-ORIENTALE","FRATELLI D'ITALIA","GUGLIELMO","GARAGNANI","1971","BOLOGNA","53"
" ITALIA NORD-ORIENTALE","FRATELLI D'ITALIA","VALERIA","MANTOVAN","1990","ROVIGO","34"
" ITALIA NORD-ORIENTALE","FRATELLI D'ITALIA","MADDALENA","MORGANTE","1981","VERONA","43"
" ITALIA NORD-ORIENTALE","FRATELLI D'ITALIA","ANNA","OLIVETTI","1977","GORIZIA","47"
" ITALIA NORD-ORIENTALE","FRATELLI D'ITALIA","LUCAS","PAVANETTO","1982","ELLWANGEN (GERMANIA)","42"
" ITALIA NORD-ORIENTALE","FRATELLI D'ITALIA","DANIELE","POLATO","1975","VERONA","49"
" ITALIA NORD-ORIENTALE","FRATELLI D'ITALIA","PIERGIACOMO","SIBIANO","1981","RICCIONE (RN)","43"
" ITALIA NORD-ORIENTALE","AZIONE - SIAMO EUROPEI","CARLO","CALENDA","1973","ROMA","51"
" ITALIA NORD-ORIENTALE","AZIONE - SIAMO EUROPEI","ELENA","BONETTI","1974","ASOLA (MN)","50"
" ITALIA NORD-ORIENTALE","AZIONE - SIAMO EUROPEI","FEDERICO","PIZZAROTTI","1973","PARMA","51"
" ITALIA NORD-ORIENTALE","AZIONE - SIAMO EUROPEI","LARA","BISIN","1976","MALO (VI)","48"
" ITALIA NORD-ORIENTALE","AZIONE - SIAMO EUROPEI","MARIO","RAFFAELLI","1946","TRENTO","78"
" ITALIA NORD-ORIENTALE","AZIONE - SIAMO EUROPEI","STEFANIA","CARGIOLI","1962","PAVULLO NEL FRIGNANO (MO)","62"
" ITALIA NORD-ORIENTALE","AZIONE - SIAMO EUROPEI","GIOVANNI","POGGIALI","1971","FIRENZE","53"
" ITALIA NORD-ORIENTALE","AZIONE - SIAMO EUROPEI","SILVIA","FATTORE","1973","CAMPOSAMPIERO (PD)","51"
" ITALIA NORD-ORIENTALE","AZIONE - SIAMO EUROPEI","CARLO","PASQUALETTO","1988","CAMPOSAMPIERO (PD)","36"
" ITALIA NORD-ORIENTALE","AZIONE - SIAMO EUROPEI","VALERIANA MARIA","MASPERI","1950","ARGENTA (FE)","74"
" ITALIA NORD-ORIENTALE","AZIONE - SIAMO EUROPEI","RICCARDO","MORTANDELLO","1981","PADOVA","43"
" ITALIA NORD-ORIENTALE","AZIONE - SIAMO EUROPEI","GIUDITTA","RIGHETTI","1991","VERONA","33"
" ITALIA NORD-ORIENTALE","AZIONE - SIAMO EUROPEI","PAUL","KÃ–LLENSPERGER","1970","BOLZANO","54"
" ITALIA NORD-ORIENTALE","AZIONE - SIAMO EUROPEI","FEDERICA","SABBATI","1972","TRIESTE","52"
" ITALIA NORD-ORIENTALE","AZIONE - SIAMO EUROPEI","UMBERTO","COSTANTINI","1987","VIGNOLA (MO)","37"
" ITALIA NORD-ORIENTALE","LEGA SALVINI PREMIER","PAOLO","BORCHIA","1980","NEGRAR (VR)","44"
" ITALIA NORD-ORIENTALE","LEGA SALVINI PREMIER","ELENA","LIZZI","1967","SAN DANIELE DEL FRIULI (UD)","57"
" ITALIA NORD-ORIENTALE","LEGA SALVINI PREMIER","ALESSANDRA","BASSO","1967","TREVISO","57"
" ITALIA NORD-ORIENTALE","LEGA SALVINI PREMIER","ROSANNA","CONTE","1968","PORTOGRUARO (VE)","56"
" ITALIA NORD-ORIENTALE","LEGA SALVINI PREMIER","ANNA MARIA","CISINT","1963","CORMONS (GO)","61"
" ITALIA NORD-ORIENTALE","LEGA SALVINI PREMIER","STEFANO","BARGI","1989","SASSUOLO (MO)","35"
" ITALIA NORD-ORIENTALE","LEGA SALVINI PREMIER","ROBERTA","CONTI","1968","FAENZA (RA)","56"
" ITALIA NORD-ORIENTALE","LEGA SALVINI PREMIER","ARIANNA","LAZZARINI","1976","MONSELICE (PD)","48"
" ITALIA NORD-ORIENTALE","LEGA SALVINI PREMIER","ALESSANDRO","MANERA","1972","TREVISO","52"
" ITALIA NORD-ORIENTALE","LEGA SALVINI PREMIER","MORENA","MARTINI","1963","ROSSANO VENETO (VI)","61"
" ITALIA NORD-ORIENTALE","LEGA SALVINI PREMIER","EMILIANO","OCCHI","1977","PARMA","47"
" ITALIA NORD-ORIENTALE","LEGA SALVINI PREMIER","ROBERTO","PACCHER","1965","LEVICO (TN)","59"
" ITALIA NORD-ORIENTALE","LEGA SALVINI PREMIER","ROBERTO","PIZZOLI","1974","VENEZIA","50"
" ITALIA NORD-ORIENTALE","LEGA SALVINI PREMIER","ROBERTO","VANNACCI","1968","LA SPEZIA","56"
" ITALIA NORD-ORIENTALE","LEGA SALVINI PREMIER","STEFANO","ZANNIER","1971","SPILIMBERGO (PN)","53"
" ITALIA CENTRALE","LIBERTA'","CATENO","DE LUCA","1972","FIUMEDINISI (ME)","52"
" ITALIA CENTRALE","LIBERTA'","LAURA","CASTELLI","1986","TORINO","38"
" ITALIA CENTRALE","LIBERTA'","SERGIO","DE CAPRIO","1961","MONTEVARCHI (AR)","63"
" ITALIA CENTRALE","LIBERTA'","SABRINA","AGUIARI","1970","ROMA","54"
" ITALIA CENTRALE","LIBERTA'","FRANCESCO","AMODEO","1977","NAPOLI","47"
" ITALIA CENTRALE","LIBERTA'","MARIA VERITA","BODDI","1963","FIRENZE","61"
" ITALIA CENTRALE","LIBERTA'","CHIARA","CAPRIOLI","1985","ROMA","39"
" ITALIA CENTRALE","LIBERTA'","KATIA","CECCACCIO","1973","TERNI","51"
" ITALIA CENTRALE","LIBERTA'","EVELIN","DI LUPIDIO","1990","CIVITANOVA MARCHE (MC)","34"
" ITALIA CENTRALE","LIBERTA'","ANTONINO","GALLONI","1953","ROMA","71"
" ITALIA CENTRALE","LIBERTA'","ANTONIO","GIGLIOLI","1960","LUCCA","64"
" ITALIA CENTRALE","LIBERTA'","MONICA","NATALI","1966","ROMA","58"
" ITALIA CENTRALE","LIBERTA'","SERGIO","PIROZZI","1965","SAN BENEDETTO DEL TRONTO (AP)","59"
" ITALIA CENTRALE","LIBERTA'","ENRICO","RIZZI","1989","ERICE (TP)","35"
" ITALIA CENTRALE","LIBERTA'","LAURA","SILO","1963","ROMA","61"
" ITALIA CENTRALE","FRATELLI D'ITALIA","GIORGIA","MELONI","1977","ROMA","47"
" ITALIA CENTRALE","FRATELLI D'ITALIA","NICOLA","PROCACCINI","1976","ROMA","48"
" ITALIA CENTRALE","FRATELLI D'ITALIA","CARLA","CAPPIELLO","1961","ROMA","63"
" ITALIA CENTRALE","FRATELLI D'ITALIA","FRANCESCO","CARDUCCI ARTENISIO","1963","NEW YORK (STATI UNITI D'AMERICA)","61"
" ITALIA CENTRALE","FRATELLI D'ITALIA","DORINA","CASADEI","1962","POMEZIA (RM)","62"
" ITALIA CENTRALE","FRATELLI D'ITALIA","CARLO","CICCIOLI","1952","ANCONA","72"
" ITALIA CENTRALE","FRATELLI D'ITALIA","CIVITA","DI RUSSO","1964","FORMIA (LT)","60"
" ITALIA CENTRALE","FRATELLI D'ITALIA","MARIO","PELLEGRINI","1963","ISOLA DEL GIGLIO (GR)","61"
" ITALIA CENTRALE","FRATELLI D'ITALIA","ANITA","PRIVITERA","1996","FERMO","28"
" ITALIA CENTRALE","FRATELLI D'ITALIA","MARIA VERONICA","ROSSI","1988","FERENTINO (FR)","36"
" ITALIA CENTRALE","FRATELLI D'ITALIA","ANTONELLA","SBERNA","1982","ROMA","42"
" ITALIA CENTRALE","FRATELLI D'ITALIA","MARCO","SQUARTA","1979","PERUGIA","45"
" ITALIA CENTRALE","FRATELLI D'ITALIA","FRANCESCO","TORSELLI","1976","FIRENZE","48"
" ITALIA CENTRALE","FRATELLI D'ITALIA","STEFANO","TOZZI","1969","ROMA","55"
" ITALIA CENTRALE","FRATELLI D'ITALIA","MANUEL","VESCOVI","1970","PADOVA","54"
" ITALIA CENTRALE","FORZA ITALIA - NOI MODERATI - PPE","ANTONIO","TAJANI","1953","ROMA","71"
" ITALIA CENTRALE","FORZA ITALIA - NOI MODERATI - PPE","FRANCESCA","PEPPUCCI","1993","TODI (PG)","31"
" ITALIA CENTRALE","FORZA ITALIA - NOI MODERATI - PPE","SALVATORE","DE MEO","1971","FONDI (LT)","53"
" ITALIA CENTRALE","FORZA ITALIA - NOI MODERATI - PPE","ALESSANDRA","MUSSOLINI","1962","ROMA","62"
" ITALIA CENTRALE","FORZA ITALIA - NOI MODERATI - PPE","GIORGIO","SILLI","1977","FIRENZE","47"
" ITALIA CENTRALE","FORZA ITALIA - NOI MODERATI - PPE","MARCO","BALDASSARRI","1961","ORVIETO (TR)","63"
" ITALIA CENTRALE","FORZA ITALIA - NOI MODERATI - PPE","ROSSELLA","CHIUSAROLI","1978","CASSINO (FR)","46"
" ITALIA CENTRALE","FORZA ITALIA - NOI MODERATI - PPE","GRAZIELLA","CIRIACI","1961","ORTEZZANO (FM)","63"
" ITALIA CENTRALE","FORZA ITALIA - NOI MODERATI - PPE","VALENTINA","CORSETTI","1984","GROSSETO","40"
" ITALIA CENTRALE","FORZA ITALIA - NOI MODERATI - PPE","MARIA CHIARA","FAZIO","1983","ROMA","41"
" ITALIA CENTRALE","FORZA ITALIA - NOI MODERATI - PPE","JACOPO MARIA","FERRI","1969","FIRENZE","55"
" ITALIA CENTRALE","FORZA ITALIA - NOI MODERATI - PPE","ALESSANDRO","GHINELLI","1952","PISTOIA","72"
" ITALIA CENTRALE","FORZA ITALIA - NOI MODERATI - PPE","LORENZO","GRASSINI","1973","COLLE DI VAL D'ELSA (SI)","51"
" ITALIA CENTRALE","FORZA ITALIA - NOI MODERATI - PPE","TIZIANA","PEPE ESPOSITO","1963","BRINDISI ","61"
" ITALIA CENTRALE","FORZA ITALIA - NOI MODERATI - PPE","RENATA","POLVERINI","1962","ROMA","62"
" ITALIA CENTRALE","ALLEANZA VERDI E SINISTRA","IGNAZIO ROBERTO MARIA","MARINO","1955","GENOVA","69"
" ITALIA CENTRALE","ALLEANZA VERDI E SINISTRA","MARILENA","GRASSADONIA","1970","PALERMO","54"
" ITALIA CENTRALE","ALLEANZA VERDI E SINISTRA","MASSIMILIANO","SMERIGLIO","1966","ROMA","58"
" ITALIA CENTRALE","ALLEANZA VERDI E SINISTRA","LUCA","BOCCOLI","1997","ROMA","27"
" ITALIA CENTRALE","ALLEANZA VERDI E SINISTRA","FRANCESCA","ARCA","1968","TERNI","56"
" ITALIA CENTRALE","ALLEANZA VERDI E SINISTRA","CECILIA","BASSI","1970","SAN GIMIGNANO (SI)","54"
" ITALIA CENTRALE","ALLEANZA VERDI E SINISTRA","PAOLA","BERNASCONI","1972","ROMA","52"
" ITALIA CENTRALE","ALLEANZA VERDI E SINISTRA","LUCIANO","CONTE","1955","DUBLINO (IRLANDA)","69"
" ITALIA CENTRALE","ALLEANZA VERDI E SINISTRA","LUCREZIA","IURLARO","1997","FIRENZE","27"
" ITALIA CENTRALE","ALLEANZA VERDI E SINISTRA","ANTONIO","NATALI","1951","PIOMBINO (LI)","73"
" ITALIA CENTRALE","ALLEANZA VERDI E SINISTRA","CHRISTIAN","RAIMO","1975","ROMA","49"
" ITALIA CENTRALE","ALLEANZA VERDI E SINISTRA","AGNESE","SANTARELLI","1979","JESI (AN)","45"
" ITALIA CENTRALE","ALLEANZA VERDI E SINISTRA","SABRINA","SANTELLI","1969","PERGOLA (PU)","55"
" ITALIA CENTRALE","ALLEANZA VERDI E SINISTRA","PIERLUIGI","VOSSI","1968","PERUGIA","56"
" ITALIA CENTRALE","ALLEANZA VERDI E SINISTRA","SERGIO","ULGIATI","1951","LATINA","73"
" ITALIA CENTRALE","LEGA SALVINI PREMIER","ROBERTO","VANNACCI","1968","LA SPEZIA","56"
" ITALIA CENTRALE","LEGA SALVINI PREMIER","SUSANNA","CECCARDI","1987","PISA","37"
" ITALIA CENTRALE","LEGA SALVINI PREMIER","CLAUDIO","BORGHI","1970","MILANO","54"
" ITALIA CENTRALE","LEGA SALVINI PREMIER","ANNA","BONFRISCO","1962","RIVA (TN)","62"
" ITALIA CENTRALE","LEGA SALVINI PREMIER","MIRCO","CARLONI","1981","FANO (PU)","43"
" ITALIA CENTRALE","LEGA SALVINI PREMIER","VALERIA","ALESSANDRINI","1975","TERNI","49"
" ITALIA CENTRALE","LEGA SALVINI PREMIER","MARIO","ABBRUZZESE","1958","CASSINO","66"
" ITALIA CENTRALE","LEGA SALVINI PREMIER","DAVIDE","BORDONI","1973","ROMA","51"
" ITALIA CENTRALE","LEGA SALVINI PREMIER","FRANCO","CARDINALE","1968","FONDI (LT)","56"
" ITALIA CENTRALE","LEGA SALVINI PREMIER","LAURA","CARTAGINESE","1968","VIBO VALENTIA (CZ)","56"
" ITALIA CENTRALE","LEGA SALVINI PREMIER","FRANCESCA","DIONISI","1981","RIETI","43"
" ITALIA CENTRALE","LEGA SALVINI PREMIER","ANNA","MENGHI","1962","MACERATA","62"
" ITALIA CENTRALE","LEGA SALVINI PREMIER","GIOVANNA","MIELE","1980","LATINA","44"
" ITALIA CENTRALE","LEGA SALVINI PREMIER","ANTONIO","TACCONI","1969","TERNI","55"
" ITALIA CENTRALE","LEGA SALVINI PREMIER","MATILDE","TASSELLI","1965","PRATO  (FI)","59"
" ITALIA CENTRALE","MOVIMENTO 5 STELLE","CAROLINA","MORACE","1964","VENEZIA","60"
" ITALIA CENTRALE","MOVIMENTO 5 STELLE","DARIO","TAMBURRANO","1969","ROMA","55"
" ITALIA CENTRALE","MOVIMENTO 5 STELLE","GIANLUCA","FERRARA","1972","PORTICI (NA)","52"
" ITALIA CENTRALE","MOVIMENTO 5 STELLE","GIOVANNA","BASILE","1968","PESARO","56"
" ITALIA CENTRALE","MOVIMENTO 5 STELLE","GIUSY","ESPOSITO","1983","NAPOLI","41"
" ITALIA CENTRALE","MOVIMENTO 5 STELLE","VALENTINA","FAZIO","1971","ROMA","53"
" ITALIA CENTRALE","MOVIMENTO 5 STELLE","FEDERICA","LAURETTI","1991","FERRARA","33"
" ITALIA CENTRALE","MOVIMENTO 5 STELLE","GIULIANO","PACETTI","1979","ROMA","45"
" ITALIA CENTRALE","MOVIMENTO 5 STELLE","STEFANIA","VOLPI","1963","ROMA","61"
" ITALIA CENTRALE","MOVIMENTO 5 STELLE","SERGIO","ROMAGNOLI","1969","FABRIANO (AN)","55"
" ITALIA CENTRALE","MOVIMENTO 5 STELLE","MIRELLA","EMILIOZZI","1968","MACERATA","56"
" ITALIA CENTRALE","MOVIMENTO 5 STELLE","VALENTINA","POCOCACIO","1979","TERNI","45"
" ITALIA CENTRALE","MOVIMENTO 5 STELLE","EMANUELE","CECCATO","1971","ROMA","53"
" ITALIA CENTRALE","MOVIMENTO 5 STELLE","LUCA","ALLOATTI","1980","TORINO","44"
" ITALIA CENTRALE","MOVIMENTO 5 STELLE","STEFANO","CECERE","1973","MONZA (MB)","51"
" ITALIA CENTRALE","ALTERNATIVA POPOLARE","LUCA","PALAMARA","1969","ROMA","55"
" ITALIA CENTRALE","ALTERNATIVA POPOLARE","PAOLA","PINCARDINI","1969","CAGLI (PU)","55"
" ITALIA CENTRALE","ALTERNATIVA POPOLARE","STEFANO","BANDECCHI","1961","LIVORNO","63"
" ITALIA CENTRALE","ALTERNATIVA POPOLARE","COSTANZA","VACCARO","1978","LIVORNO","46"
" ITALIA CENTRALE","ALTERNATIVA POPOLARE","CRISTIAN","BRUTTI","1969","PERUGIA","55"
" ITALIA CENTRALE","ALTERNATIVA POPOLARE","ROBERTA","FABIANI","1963","PIOMBINO (LI)","61"
" ITALIA CENTRALE","ALTERNATIVA POPOLARE","RICCARDO","MASSA","1962","GENOVA","62"
" ITALIA CENTRALE","ALTERNATIVA POPOLARE","VIRGINIA","MANCORI","1993","ROMA","31"
" ITALIA CENTRALE","ALTERNATIVA POPOLARE","FRANCESCO","PETRELLI","1973","ASCOLI PICENO","51"
" ITALIA CENTRALE","ALTERNATIVA POPOLARE","ROBERTA","MARINACCIO","1953","ROMA","71"
" ITALIA CENTRALE","ALTERNATIVA POPOLARE","MARIANO","LEONI","1988","RIETI","36"
" ITALIA CENTRALE","ALTERNATIVA POPOLARE","SARA","PIROLI","1997","ROMA","27"
" ITALIA CENTRALE","ALTERNATIVA POPOLARE","VALTER ANDREA","VILLANI","1949","MILANO","75"
" ITALIA CENTRALE","ALTERNATIVA POPOLARE","STEFANIA","ORLANDO","1964","TERNI","60"
" ITALIA CENTRALE","ALTERNATIVA POPOLARE","MIRELLA","SCARFO'","1971","LAUREANA DI BORRELLO (RC)","53"
" ITALIA CENTRALE","STATI UNITI D'EUROPA","GIOVANNI DOMENICO","CAIAZZA","1956","SALERNO","68"
" ITALIA CENTRALE","STATI UNITI D'EUROPA","EMMA","BONINO","1948","BRA (CN)","76"
" ITALIA CENTRALE","STATI UNITI D'EUROPA","MARIETTA","TIDEI","1975","CIVITAVECCHIA (RM)","49"
" ITALIA CENTRALE","STATI UNITI D'EUROPA","ERIC MAURITIN","JOZSEF","1966","PARIGI (FRANCIA)","58"
" ITALIA CENTRALE","STATI UNITI D'EUROPA","EMANUELA","PISTOIA","1972","ROMA","52"
" ITALIA CENTRALE","STATI UNITI D'EUROPA","ROSA MARIA","DI GIORGI","1955","REGGIO DI CALABRIA","69"
" ITALIA CENTRALE","STATI UNITI D'EUROPA","OLGA","SURINOVA","1972","GRODNO (BIELORUSSIA)","52"
" ITALIA CENTRALE","STATI UNITI D'EUROPA","GERARDO","STEFANELLI","1975","FORMIA (LT)","49"
" ITALIA CENTRALE","STATI UNITI D'EUROPA","GIANLUCA CARLO","MISURACA","1972","MILANO","52"
" ITALIA CENTRALE","STATI UNITI D'EUROPA","SILVIA","BERTOLUCCI","1974","VIAREGGIO (LU)","50"
" ITALIA CENTRALE","STATI UNITI D'EUROPA","MANUELA","ALBERTELLA","1956","SPOLETO (PG)","68"
" ITALIA CENTRALE","STATI UNITI D'EUROPA","GIUSEPPINA","BONAVIRI","1958","SORA (FR)","66"
" ITALIA CENTRALE","STATI UNITI D'EUROPA","FRANCESCO","CAPPELLETTI","1993","BIBBIENA (AR)","31"
" ITALIA CENTRALE","STATI UNITI D'EUROPA","TIZIANO","BUSCA","1954","FANO (PU)","70"
" ITALIA CENTRALE","STATI UNITI D'EUROPA","MATTEO","RENZI","1975","FIRENZE","49"
" ITALIA CENTRALE","DEMOCRAZIA SOVRANA POPOLARE","MARCO","RIZZO","1959","TORINO","65"
" ITALIA CENTRALE","DEMOCRAZIA SOVRANA POPOLARE","ANTONELLA","D'ANGELI","1965","ANAGNI (FR)","59"
" ITALIA CENTRALE","DEMOCRAZIA SOVRANA POPOLARE","FRANCESCO","TOSCANO","1979","GIOIA TAURO (RC)","45"
" ITALIA CENTRALE","DEMOCRAZIA SOVRANA POPOLARE","GLAUCO","BENIGNI","1950","ROMA","74"
" ITALIA CENTRALE","DEMOCRAZIA SOVRANA POPOLARE","CARLA","BRESCHI","1956","PISTOIA","68"
" ITALIA CENTRALE","DEMOCRAZIA SOVRANA POPOLARE","ANTONELLO","CRESTI","1980","FIRENZE","44"
" ITALIA CENTRALE","DEMOCRAZIA SOVRANA POPOLARE","MARIANELLA","FIORAVANTI","1983","CIVITANOVA MARCHE (MC)","41"
" ITALIA CENTRALE","DEMOCRAZIA SOVRANA POPOLARE","ALFIO","KRANCIC","1948","FIUME (CROAZIA)","76"
" ITALIA CENTRALE","DEMOCRAZIA SOVRANA POPOLARE","BARBARA","MANCIERI","1972","CASTELNUOVO DI GARFAGNANA (LU)","52"
" ITALIA CENTRALE","DEMOCRAZIA SOVRANA POPOLARE","GIOVANNI","MASOTTI","1951","ROMA","73"
" ITALIA CENTRALE","DEMOCRAZIA SOVRANA POPOLARE","BEATRICE","SPITONI","1978","MATELICA (MC)","46"
" ITALIA CENTRALE","DEMOCRAZIA SOVRANA POPOLARE","ENZO","PENNETTA","1960","ROMA","64"
" ITALIA CENTRALE","DEMOCRAZIA SOVRANA POPOLARE","FRANCESCA","VENDITTI","1954","ROMA","70"
" ITALIA CENTRALE","DEMOCRAZIA SOVRANA POPOLARE","BRUNO","SCAPINI","1949","ROMA","75"
" ITALIA CENTRALE","DEMOCRAZIA SOVRANA POPOLARE","MARIA ANTONIETTA","ZOLA","1966","IRGOLI (NU)","58"
" ITALIA CENTRALE"," PACE TERRA DIGNITA'","MICHELE","SANTORO","1951","SALERNO","73"
" ITALIA CENTRALE"," PACE TERRA DIGNITA'","BENEDETTA","SABENE","1995","ROMA","29"
" ITALIA CENTRALE"," PACE TERRA DIGNITA'","RANIERO LUIGI","LA VALLE","1931","ROMA","93"
" ITALIA CENTRALE"," PACE TERRA DIGNITA'","FABIO","ALBERTI","1956","MILANO","68"
" ITALIA CENTRALE"," PACE TERRA DIGNITA'","GINEVRA ROBERTA","BOMPIANI","1939","MILANO","85"
" ITALIA CENTRALE"," PACE TERRA DIGNITA'","GIULIA","CIAFREI","1980","VELLETRI (RM)","44"
" ITALIA CENTRALE"," PACE TERRA DIGNITA'","ANGELICA","GATTI","1989","PIETRASANTA (LU)","35"
" ITALIA CENTRALE"," PACE TERRA DIGNITA'","ALI","KHALIL","1953","AMMAN (GIORDANIA)","71"
" ITALIA CENTRALE"," PACE TERRA DIGNITA'","MARTA","GRANDE","1987","CIVITAVECCHIA (RM)","37"
" ITALIA CENTRALE"," PACE TERRA DIGNITA'","ROBERTO","MANCINI","1958","MACERATA","66"
" ITALIA CENTRALE"," PACE TERRA DIGNITA'","ELENA","MAZZONI","1976","ALBANO LAZIALE (RM)","48"
" ITALIA CENTRALE"," PACE TERRA DIGNITA'","TIZIANO","REA","1993","ROMA","31"
" ITALIA CENTRALE"," PACE TERRA DIGNITA'","RITA","SCAPINELLI","1955","BIGARELLO (MN)","69"
" ITALIA CENTRALE"," PACE TERRA DIGNITA'","VAURO","SENESI","1955","PISTOIA","69"
" ITALIA CENTRALE"," PACE TERRA DIGNITA'","ROBERTA","SFORZA","1990","RECANATI (MC)","34"
" ITALIA CENTRALE","PARTITO DEMOCRATICO","ELENA ETHEL","SCHLEIN","1985","LUGANO (SVIZZERA)","39"
" ITALIA CENTRALE","PARTITO DEMOCRATICO","NICOLA","ZINGARETTI","1965","ROMA","59"
" ITALIA CENTRALE","PARTITO DEMOCRATICO","CAMILLA","LAURETI","1975","ROMA","49"
" ITALIA CENTRALE","PARTITO DEMOCRATICO","MARCO","TARQUINIO","1958","FOLIGNO (PG)","66"
" ITALIA CENTRALE","PARTITO DEMOCRATICO","BEATRICE","COVASSI","1968","FIRENZE","56"
" ITALIA CENTRALE","PARTITO DEMOCRATICO","DARIO","NARDELLA","1975","TORRE DEL GRECO (NA)","49"
" ITALIA CENTRALE","PARTITO DEMOCRATICO","DANIELA","RONDINELLI","1967","ROMA","57"
" ITALIA CENTRALE","PARTITO DEMOCRATICO","MATTEO","RICCI","1974","PESARO","50"
" ITALIA CENTRALE","PARTITO DEMOCRATICO","ELENA PATRIZIA","IMPROTA","1963","NAPOLI","61"
" ITALIA CENTRALE","PARTITO DEMOCRATICO","HUMBERTO","INSOLERA","1975","BUENOS AIRES (ARGENTINA)","49"
" ITALIA CENTRALE","PARTITO DEMOCRATICO","ALESSIA","MORANI","1976","SASSOCORVARO (PU)","48"
" ITALIA CENTRALE","PARTITO DEMOCRATICO","MARCO","PACCIOTTI","1968","ROMA","56"
" ITALIA CENTRALE","PARTITO DEMOCRATICO","TERESA","BARTOLI","1955","ROMA","69"
" ITALIA CENTRALE","PARTITO DEMOCRATICO","ANTONIO","MAZZEO","1977","MELFI (PZ)","47"
" ITALIA CENTRALE","PARTITO DEMOCRATICO","MICHELE","FRANCHI","1980","ASCOLI PICENO","44"
" ITALIA CENTRALE","AZIONE - SIAMO EUROPEI","CARLO","CALENDA","1973","ROMA","51"
" ITALIA CENTRALE","AZIONE - SIAMO EUROPEI","ELENA","BONETTI","1974","ASOLA (MN)","50"
" ITALIA CENTRALE","AZIONE - SIAMO EUROPEI","ALESSIO","D'AMATO","1968","ROMA","56"
" ITALIA CENTRALE","AZIONE - SIAMO EUROPEI","CRISTINA","BIBOLOTTI","1977","PIETRASANTA (LU)","47"
" ITALIA CENTRALE","AZIONE - SIAMO EUROPEI","VINCENZO","CAMPORINI","1946","COMO","78"
" ITALIA CENTRALE","AZIONE - SIAMO EUROPEI","NATALIYA","KUDRYK","1975","KIEV (UCRAINA)","49"
" ITALIA CENTRALE","AZIONE - SIAMO EUROPEI","GERMANO","CRAIA","1979","MONTEGIORGIO (AP)","45"
" ITALIA CENTRALE","AZIONE - SIAMO EUROPEI","BARBARA","MASINI","1974","PISTOIA","50"
" ITALIA CENTRALE","AZIONE - SIAMO EUROPEI","MASSIMO","SERI","1964","SCHWYZ (SVIZZERA)","60"
" ITALIA CENTRALE","AZIONE - SIAMO EUROPEI","DEBORA","PACIFICI","1972","ROMA","52"
" ITALIA CENTRALE","AZIONE - SIAMO EUROPEI","LUCIANO","SPIGLIANTINI","1957","PRATOVECCHIO (AR)","67"
" ITALIA CENTRALE","AZIONE - SIAMO EUROPEI","ROSSELLA","PERA","1985","COMO","39"
" ITALIA CENTRALE","AZIONE - SIAMO EUROPEI","UMBERTO","TRENTA","1954","ASCOLI PICENO","70"
" ITALIA CENTRALE","AZIONE - SIAMO EUROPEI","GABRIELLA GA YENG","ZANZANAINI","1983","HONG KONG (CINA)","41"
" ITALIA CENTRALE","AZIONE - SIAMO EUROPEI","LUCA PIETRO","UNGARO","1992","ROMA","32"
" ITALIA MERIDIONALE","LEGA SALVINI PREMIER","ROBERTO","VANNACCI","1968","LA SPEZIA","56"
" ITALIA MERIDIONALE","LEGA SALVINI PREMIER","SIMONA","LOIZZO","1965","COSENZA","59"
" ITALIA MERIDIONALE","LEGA SALVINI PREMIER","VALENTINO","GRANT","1964","ROMA","60"
" ITALIA MERIDIONALE","LEGA SALVINI PREMIER","ROBERTO","MARTI","1974","LECCE","50"
" ITALIA MERIDIONALE","LEGA SALVINI PREMIER","ALDO","PATRICIELLO","1957","VENAFRO (IS)","67"
" ITALIA MERIDIONALE","LEGA SALVINI PREMIER","LUIGI","BARONE","1979","BENEVENTO","45"
" ITALIA MERIDIONALE","LEGA SALVINI PREMIER","LAURA","CUCCHIARELLA","1985","L'AQUILA","39"
" ITALIA MERIDIONALE","LEGA SALVINI PREMIER","MARIA GIOVANNA","FIUME","1959","POZZUOLI (NA)","65"
" ITALIA MERIDIONALE","LEGA SALVINI PREMIER","SANTO","GAGLIARDI","1965","COSENZA","59"
" ITALIA MERIDIONALE","LEGA SALVINI PREMIER","MARICA","GRANDE","1976","ARIANO IRPINO (AV)","48"
" ITALIA MERIDIONALE","LEGA SALVINI PREMIER","FRANCESCA","MAGLIANO","1975","MOLFETTA (BA)","49"
" ITALIA MERIDIONALE","LEGA SALVINI PREMIER","FILIPPO","MANCUSO","1962","CATANZARO","62"
" ITALIA MERIDIONALE","LEGA SALVINI PREMIER","ANNA CARMELA","MINUTO","1969","MOLFETTA (BA)","55"
" ITALIA MERIDIONALE","LEGA SALVINI PREMIER","CARMELA","RESCIGNO","1972","NAPOLI","52"
" ITALIA MERIDIONALE","LEGA SALVINI PREMIER","ANGELA","RUSSO","1971","NAPOLI","53"
" ITALIA MERIDIONALE","LEGA SALVINI PREMIER","DANTE","SANTORO","1989","BATTIPAGLIA (SA)","35"
" ITALIA MERIDIONALE","LEGA SALVINI PREMIER","JOSEPH","SPLENDIDO","1968","DRANCY (FRANCIA)","56"
" ITALIA MERIDIONALE","LEGA SALVINI PREMIER","MATILDE","TASSELLI","1965","PRATO (FI)","59"
" ITALIA MERIDIONALE","FRATELLI D'ITALIA","GIORGIA","MELONI","1977","ROMA","47"
" ITALIA MERIDIONALE","FRATELLI D'ITALIA","NICOLA","BENEDETTO","1955","PISTICCI (MT)","69"
" ITALIA MERIDIONALE","FRATELLI D'ITALIA","ERSILIA","AMATRUDA","1971","LAMEZIA TERME (CZ)","53"
" ITALIA MERIDIONALE","FRATELLI D'ITALIA","ANTONIO","AMBROSIO","1972","NAPOLI","52"
" ITALIA MERIDIONALE","FRATELLI D'ITALIA","MARCO","CERRETO","1971","CASERTA","53"
" ITALIA MERIDIONALE","FRATELLI D'ITALIA","NICOLA","D'AMBROSIO","1990","BENEVENTO","34"
" ITALIA MERIDIONALE","FRATELLI D'ITALIA","LUCIANA","DE FRANCESCO","1983","CORIGLIANO CALABRO (CS)","41"
" ITALIA MERIDIONALE","FRATELLI D'ITALIA","MARIANGELA","DI BIASE","1980","CAMPOBASSO","44"
" ITALIA MERIDIONALE","FRATELLI D'ITALIA","RAFFAELLA","DOCIMO","1958","COSENZA","66"
" ITALIA MERIDIONALE","FRATELLI D'ITALIA","INES","FRUNCILLO","1981","AVELLINO","43"
" ITALIA MERIDIONALE","FRATELLI D'ITALIA","ALBERICO","GAMBINO","1967","PAGANI (SA)","57"
" ITALIA MERIDIONALE","FRATELLI D'ITALIA","CHIARA MARIA","GEMMA","1968","BRINDISI","56"
" ITALIA MERIDIONALE","FRATELLI D'ITALIA","GIOVANNA","GRECO","1971","LARINO (CB)","53"
" ITALIA MERIDIONALE","FRATELLI D'ITALIA","ELENA","MARRAZZI","1985","CISTERNINO (BR)","39"
" ITALIA MERIDIONALE","FRATELLI D'ITALIA","DENIS DOMENICO","NESCI","1981","POLISTENA","43"
" ITALIA MERIDIONALE","FRATELLI D'ITALIA","MICHELE","PICARO","1981","BARI","43"
" ITALIA MERIDIONALE","FRATELLI D'ITALIA","VITTORIO","SGARBI","1952","FERRARA","72"
" ITALIA MERIDIONALE","FRATELLI D'ITALIA","FRANCESCO","VENTOLA","1971","CANOSA DI PUGLIA (BT)","53"
" ITALIA MERIDIONALE","ALTERNATIVA POPOLARE","STEFANO","BANDECCHI","1961","LIVORNO","63"
" ITALIA MERIDIONALE","ALTERNATIVA POPOLARE","DONATELLA","PAOLILLO","1973","BARLETTA","51"
" ITALIA MERIDIONALE","ALTERNATIVA POPOLARE","MASSIMO ANTONINO","RIPEPI","1969","REGGIO DI CALABRIA","55"
" ITALIA MERIDIONALE","ALTERNATIVA POPOLARE","MARIA  ANTONELLA","CARLUCCIO","1972","TORTORA (CS)","52"
" ITALIA MERIDIONALE","ALTERNATIVA POPOLARE","MICHELE","CORNACCHIA","1984","ALTAMURA (BA)","40"
" ITALIA MERIDIONALE","ALTERNATIVA POPOLARE","LAURA","D'ESPOSITO","1984","NAPOLI","40"
" ITALIA MERIDIONALE","ALTERNATIVA POPOLARE","ROBERTO","DE ANGELIS","1965","ANCONA","59"
" ITALIA MERIDIONALE","ALTERNATIVA POPOLARE","SONIA","CITTA","1967","CORIGLIANO D'OTRANTO (LE)","57"
" ITALIA MERIDIONALE","ALTERNATIVA POPOLARE","ANTONIO","CENTO","1959","TAURIANOVA (RC)","65"
" ITALIA MERIDIONALE","ALTERNATIVA POPOLARE","MONICA","D'AGUI'","1972","REGGIO  DI CALABRIA","52"
" ITALIA MERIDIONALE","ALTERNATIVA POPOLARE","ANTONIO","PICA","1963","TRANI ","61"
" ITALIA MERIDIONALE","ALTERNATIVA POPOLARE","ANTONELLA","MANCINO","1976","NOCERA INFERIORE (SA)","48"
" ITALIA MERIDIONALE","ALTERNATIVA POPOLARE","ARNALDO","GADOLA","1964","RECALE (CE)","60"
" ITALIA MERIDIONALE","ALTERNATIVA POPOLARE","MARIA","PETRECCA","1972","CAMPOBASSO","52"
" ITALIA MERIDIONALE","ALTERNATIVA POPOLARE","ANTONIO","DE SANTIS","1953","BARI","71"
" ITALIA MERIDIONALE","ALTERNATIVA POPOLARE","RAFFAELLA","SEVERINO","1983","CATANZARO","41"
" ITALIA MERIDIONALE","PARTITO DEMOCRATICO","LUCIA","ANNUNZIATA","1950","SARNO (SA)","74"
" ITALIA MERIDIONALE","PARTITO DEMOCRATICO","ANTONIO","DECARO","1970","BARI","54"
" ITALIA MERIDIONALE","PARTITO DEMOCRATICO","GIUSEPPINA","PICIERNO","1981","SANTA MARIA CAPUA VETERE (CE)","43"
" ITALIA MERIDIONALE","PARTITO DEMOCRATICO","ALESSANDRO","RUOTOLO","1955","NAPOLI","69"
" ITALIA MERIDIONALE","PARTITO DEMOCRATICO","JASMINE LUCIA","CRISTALLO","1981","CATANZARO","43"
" ITALIA MERIDIONALE","PARTITO DEMOCRATICO","FRANCESCO SAVERIO","FORTE","1967","NAPOLI","57"
" ITALIA MERIDIONALE","PARTITO DEMOCRATICO","MANOLA","DI PASQUALE","1965","TERAMO","59"
" ITALIA MERIDIONALE","PARTITO DEMOCRATICO","LUIGI","TASSONE","1985","SERRA SAN BRUNO (VV)","39"
" ITALIA MERIDIONALE","PARTITO DEMOCRATICO","SHADY","MOHAMMAD ALIZADEH","1989","TERLIZZI (BA)","35"
" ITALIA MERIDIONALE","PARTITO DEMOCRATICO","FRANCESCO","TODISCO","1975","ATRIPALDA (AV)","49"
" ITALIA MERIDIONALE","PARTITO DEMOCRATICO","GIUSEPPINA MARIATERESA","PATERNA","1987","POTENZA","37"
" ITALIA MERIDIONALE","PARTITO DEMOCRATICO","NICOLA","CAMPANILE","1959","BENEVENTO","65"
" ITALIA MERIDIONALE","PARTITO DEMOCRATICO","ANNAMARIA","BECCI","1981","TERMOLI (CB)","43"
" ITALIA MERIDIONALE","PARTITO DEMOCRATICO","MASSIMO","SCHIAVONE","1996","SESSA AURUNCA (CE)","28"
" ITALIA MERIDIONALE","PARTITO DEMOCRATICO","GEORGIA","TRAMACERE","1987","GALATINA (LE)","37"
" ITALIA MERIDIONALE","PARTITO DEMOCRATICO","RAFFAELE","TOPO","1965","VILLARICCA (NA)","59"
" ITALIA MERIDIONALE","PARTITO DEMOCRATICO","CARMELINA","SAULINO","1957","NOLA (NA)","67"
" ITALIA MERIDIONALE","PARTITO DEMOCRATICO","GIAMMARIO","SPADA","1996","TARANTO","28"
" ITALIA MERIDIONALE"," PACE TERRA DIGNITA'","MICHELE","SANTORO","1951","SALERNO","73"
" ITALIA MERIDIONALE"," PACE TERRA DIGNITA'","BENEDETTA","SABENE","1995","ROMA","29"
" ITALIA MERIDIONALE"," PACE TERRA DIGNITA'","RANIERO LUIGI","LA VALLE","1931","ROMA","93"
" ITALIA MERIDIONALE"," PACE TERRA DIGNITA'","MAURIZIO","ACERBO","1965","PESCARA","59"
" ITALIA MERIDIONALE"," PACE TERRA DIGNITA'","GIUSEPPE","ARLACCHI","1951","GIOIA TAURO (RC)","73"
" ITALIA MERIDIONALE"," PACE TERRA DIGNITA'","GINEVRA ROBERTA","BOMPIANI","1939","MILANO","85"
" ITALIA MERIDIONALE"," PACE TERRA DIGNITA'","RITA","CAPACCIO","1961","FOGGIA","63"
" ITALIA MERIDIONALE"," PACE TERRA DIGNITA'","DOMENICO","CIRUZZI","1954","LECCE","70"
" ITALIA MERIDIONALE"," PACE TERRA DIGNITA'","FIAMMETTA","CUCURNIA","1957","ROMA","67"
" ITALIA MERIDIONALE"," PACE TERRA DIGNITA'","ANGELO","D'ORSI","1947","PONTECAGNANO FAIANO (SA)","77"
" ITALIA MERIDIONALE"," PACE TERRA DIGNITA'","PAOLO MARIA","DELLA VENTURA","1970","CAMPOBASSO","54"
" ITALIA MERIDIONALE"," PACE TERRA DIGNITA'","TIARE","GATTI MORA","1996","PERUGIA","28"
" ITALIA MERIDIONALE"," PACE TERRA DIGNITA'","ILARIA","LEONARDIS","1970","L'AQUILA","54"
" ITALIA MERIDIONALE"," PACE TERRA DIGNITA'","LAURA","MARCHETTI","1957","BARI","67"
" ITALIA MERIDIONALE"," PACE TERRA DIGNITA'","VITO","MICUNCO","1967","BARI","57"
" ITALIA MERIDIONALE"," PACE TERRA DIGNITA'","PIERNICOLA","PEDICINI","1969","BENEVENTO","55"
" ITALIA MERIDIONALE"," PACE TERRA DIGNITA'","ROSARIA","SCARPULLA ","1951","PALERMO","73"
" ITALIA MERIDIONALE"," PACE TERRA DIGNITA'","NOOR","SHIHADEH","1996","MONTECCHIO EMILIA (RE)","28"
" ITALIA MERIDIONALE","LIBERTA'","CATENO","DE LUCA","1972","FIUMEDINISI (ME)","52"
" ITALIA MERIDIONALE","LIBERTA'","LAURA","CASTELLI","1986","TORINO","38"
" ITALIA MERIDIONALE","LIBERTA'","FRANCESCO","AMODEO","1977","NAPOLI","47"
" ITALIA MERIDIONALE","LIBERTA'","PIERA","AIELLO","1967","PARTANNA (TP)","57"
" ITALIA MERIDIONALE","LIBERTA'","DONATO","AMORUSO","1965","BARI","59"
" ITALIA MERIDIONALE","LIBERTA'","SERGIO","DE CAPRIO","1961","MONTEVARCHI (AR)","63"
" ITALIA MERIDIONALE","LIBERTA'","MARIA GIUSEPPA","DE DONATO","1964","SENISE (PZ)","60"
" ITALIA MERIDIONALE","LIBERTA'","KATIA","DI LELLA","1979","CAMPOBASSO","45"
" ITALIA MERIDIONALE","LIBERTA'","NICOLA","DI MATTEO","1972","POLLA (SA)","52"
" ITALIA MERIDIONALE","LIBERTA'","ANNARITA","FORESTA","1973","LAMEZIA TERME (CZ)","51"
" ITALIA MERIDIONALE","LIBERTA'","NICOLA","GIAMPAOLO","1974","MOLA DI BARI (BA)","50"
" ITALIA MERIDIONALE","LIBERTA'","VERONICA","GIANNONE","1981","GALATINA (LE)","43"
" ITALIA MERIDIONALE","LIBERTA'","TEOFILO","MIGLIACCIO","1970","NAPOLI","54"
" ITALIA MERIDIONALE","LIBERTA'","PAOLA","PICCONE","1961","CHIETI","63"
" ITALIA MERIDIONALE","LIBERTA'","ENRICO","RIZZI","1989","ERICE (TP)","35"
" ITALIA MERIDIONALE","LIBERTA'","DINO","ROSSI","1962","OFENA (AQ)","62"
" ITALIA MERIDIONALE","LIBERTA'","MARIA","SBANO","1972","CAROVIGNO (BR)","52"
" ITALIA MERIDIONALE","LIBERTA'","SEVERINA","SENA","1983","COSENZA","41"
" ITALIA MERIDIONALE","FORZA ITALIA - NOI MODERATI - PPE","ANTONIO","TAJANI","1953","ROMA","71"
" ITALIA MERIDIONALE","FORZA ITALIA - NOI MODERATI - PPE","ISABELLA","ADINOLFI","1978","NOCERA INFERIORE (SA)","46"
" ITALIA MERIDIONALE","FORZA ITALIA - NOI MODERATI - PPE","FULVIO","MARTUSCIELLO","1968","NAPOLI","56"
" ITALIA MERIDIONALE","FORZA ITALIA - NOI MODERATI - PPE","ALESSANDRA","MUSSOLINI","1962","ROMA","62"
" ITALIA MERIDIONALE","FORZA ITALIA - NOI MODERATI - PPE","LUCIA","VUOLO","1963","PAGANI (SA)","61"
" ITALIA MERIDIONALE","FORZA ITALIA - NOI MODERATI - PPE","GIUSEPPINA","PRINCI","1972","REGGIO DI CALABRIA","52"
" ITALIA MERIDIONALE","FORZA ITALIA - NOI MODERATI - PPE","PAOLO SOCCORSO","DELL'ERBA","1970","SAN SEVERO (FG)","54"
" ITALIA MERIDIONALE","FORZA ITALIA - NOI MODERATI - PPE","ANTONELLA","BALLONE","1981","TERAMO","43"
" ITALIA MERIDIONALE","FORZA ITALIA - NOI MODERATI - PPE","ANGELO ANTONIO","D'AGOSTINO","1961","MONTEFALCIONE (AV)","63"
" ITALIA MERIDIONALE","FORZA ITALIA - NOI MODERATI - PPE","LAURA","DE MOLA","1970","FASANO (BR)","54"
" ITALIA MERIDIONALE","FORZA ITALIA - NOI MODERATI - PPE","RAFFAELE","DE ROSA","1978","POMPEI (NA)","46"
" ITALIA MERIDIONALE","FORZA ITALIA - NOI MODERATI - PPE","ELISEO","IANNINI","1959","L'AQUILA","65"
" ITALIA MERIDIONALE","FORZA ITALIA - NOI MODERATI - PPE","SONIA","PALMERI","1972","AVOLA (SR)","52"
" ITALIA MERIDIONALE","FORZA ITALIA - NOI MODERATI - PPE","BARBARA","RICCI","1971","NAPOLI","53"
" ITALIA MERIDIONALE","FORZA ITALIA - NOI MODERATI - PPE","RICCARDO","ROSA","1982","CASTROVILLARI (CS)","42"
" ITALIA MERIDIONALE","FORZA ITALIA - NOI MODERATI - PPE","ALESSANDRO","SACCHI","1964","NAPOLI","60"
" ITALIA MERIDIONALE","FORZA ITALIA - NOI MODERATI - PPE","FRANCESCA","SALATIELLO","1982","POZZUOLI (NA)","42"
" ITALIA MERIDIONALE","FORZA ITALIA - NOI MODERATI - PPE","MARCELLO","VERNOLA","1961","BARI","63"
" ITALIA MERIDIONALE","MOVIMENTO 5 STELLE","PASQUALE","TRIDICO","1975","SCALA COELI (CS)","49"
" ITALIA MERIDIONALE","MOVIMENTO 5 STELLE","VALENTINA","PALMISANO","1983","BRINDISI","41"
" ITALIA MERIDIONALE","MOVIMENTO 5 STELLE","MARIO","FURORE","1988","FOGGIA","36"
" ITALIA MERIDIONALE","MOVIMENTO 5 STELLE","MAURIZIO","SIBILIO","1960","NAPOLI","64"
" ITALIA MERIDIONALE","MOVIMENTO 5 STELLE","MAURA","SARNO","1959","AVELLINO","65"
" ITALIA MERIDIONALE","MOVIMENTO 5 STELLE","DANILO","DELLA VALLE","1983","CAPUA (CE)","41"
" ITALIA MERIDIONALE","MOVIMENTO 5 STELLE","LAURA","DE VITA","1970","NAPOLI","54"
" ITALIA MERIDIONALE","MOVIMENTO 5 STELLE","VALENTINA","CORNELI","1986","GIULIANOVA (TE)","38"
" ITALIA MERIDIONALE","MOVIMENTO 5 STELLE","GAIA","SILVESTRI","1976","MOTTOLA (TA)","48"
" ITALIA MERIDIONALE","MOVIMENTO 5 STELLE","FABIO","STELLA","1972","CHIETI","52"
" ITALIA MERIDIONALE","MOVIMENTO 5 STELLE","LELIO","MANCINO","1980","CASTELLAMMARE DI STABIA (NA)","44"
" ITALIA MERIDIONALE","MOVIMENTO 5 STELLE","GIUSEPPE NUNZIATO","BELCASTRO","1966","MAMMOLA (RC)","58"
" ITALIA MERIDIONALE","MOVIMENTO 5 STELLE","FRANCESCA ANNA","RUGGIERO","1984","BITONTO (BA)","40"
" ITALIA MERIDIONALE","MOVIMENTO 5 STELLE","FELICIA","GAUDIANO","1966","ALBANELLA (SA)","58"
" ITALIA MERIDIONALE","MOVIMENTO 5 STELLE","ANNUNZIATA","COPPOLA","1973","NOLA (NA)","51"
" ITALIA MERIDIONALE","MOVIMENTO 5 STELLE","MARIA ANNA","LABARILE","1978","ACQUAVIVA DELLE FONTI (BA)","46"
" ITALIA MERIDIONALE","MOVIMENTO 5 STELLE","RICCARDO","DI PALMA","1997","CAMPOBASSO","27"
" ITALIA MERIDIONALE","MOVIMENTO 5 STELLE","VINCENZO","INCAMPO","1986","ALTAMURA (BA)","38"
" ITALIA MERIDIONALE","AZIONE - SIAMO EUROPEI","CARLO","CALENDA","1973","ROMA","51"
" ITALIA MERIDIONALE","AZIONE - SIAMO EUROPEI","ELENA","BONETTI","1974","ASOLA (MN)","50"
" ITALIA MERIDIONALE","AZIONE - SIAMO EUROPEI","MAURIZIO MARCELLO CLAUDIO","PITTELLA","1962","LAURIA (PZ)","62"
" ITALIA MERIDIONALE","AZIONE - SIAMO EUROPEI","RAMONA ANGELA","CALAFIORE","1984","REGGIO DI CALABRIA","40"
" ITALIA MERIDIONALE","AZIONE - SIAMO EUROPEI","LUIGI","CASCIELLO","1963","BENEVENTO","61"
" ITALIA MERIDIONALE","AZIONE - SIAMO EUROPEI","CARMELA","CRACA","1973","PUTIGNANO (BA)","51"
" ITALIA MERIDIONALE","AZIONE - SIAMO EUROPEI","FRANCESCO","DE NISI","1968","FILADELFIA (VV)","56"
" ITALIA MERIDIONALE","AZIONE - SIAMO EUROPEI","LIBERA","D'AMELIO","1975","FOGGIA","49"
" ITALIA MERIDIONALE","AZIONE - SIAMO EUROPEI","GIUSEPPE","FERRANDINO","1963","ISCHIA (NA)","61"
" ITALIA MERIDIONALE","AZIONE - SIAMO EUROPEI","PAOLA","FANFARILLO MANGANIELLO","1974","REGGIO DI CALABRIA","50"
" ITALIA MERIDIONALE","AZIONE - SIAMO EUROPEI","DARIO","GALANTINO","1981","MOLFETTA (BA)","43"
" ITALIA MERIDIONALE","AZIONE - SIAMO EUROPEI","DANILA","IACOVELLI","1973","FOGGIA","51"
" ITALIA MERIDIONALE","AZIONE - SIAMO EUROPEI","VALERIO","POTI'","1972","LECCE","52"
" ITALIA MERIDIONALE","AZIONE - SIAMO EUROPEI","LUCIA","IODICE","1966","VILLARICCA (NA)","58"
" ITALIA MERIDIONALE","AZIONE - SIAMO EUROPEI","GIUSEPPE","ROSSODIVITA","1969","MILANO","55"
" ITALIA MERIDIONALE","AZIONE - SIAMO EUROPEI","STEFANIA","POSTORIVO","1982","COSENZA","42"
" ITALIA MERIDIONALE","AZIONE - SIAMO EUROPEI","GIUSEPPE","SOMMESE","1994","NAPOLI","30"
" ITALIA MERIDIONALE","AZIONE - SIAMO EUROPEI","BARBARA","PREZIOSI","1974","NAPOLI","50"
" ITALIA MERIDIONALE","PARTITO ANIMALISTA - ITALEXIT PER L'ITALIA","CRISTIANO","CERIELLO","1974","NAPOLI","50"
" ITALIA MERIDIONALE","PARTITO ANIMALISTA - ITALEXIT PER L'ITALIA","ANNA","CASABURI","1972","CAVA DE'  TIRRENI (SA)","52"
" ITALIA MERIDIONALE","PARTITO ANIMALISTA - ITALEXIT PER L'ITALIA","MARILENE","BONAVITA","1961","REGGIO DI CALABRIA","63"
" ITALIA MERIDIONALE","PARTITO ANIMALISTA - ITALEXIT PER L'ITALIA","MICHELE","BUTTIGLIONE","1954","CERIGNOLA (FG)","70"
" ITALIA MERIDIONALE","PARTITO ANIMALISTA - ITALEXIT PER L'ITALIA","ANDREA","PERILLO","1969","GENOVA","55"
" ITALIA MERIDIONALE","PARTITO ANIMALISTA - ITALEXIT PER L'ITALIA","DANIELA","MARTANI","1973","ROMA","51"
" ITALIA MERIDIONALE","PARTITO ANIMALISTA - ITALEXIT PER L'ITALIA","PIETRO","L'ERARIO","1967","NAPOLI","57"
" ITALIA MERIDIONALE","PARTITO ANIMALISTA - ITALEXIT PER L'ITALIA","LUCIO","JANNIELLO","1967","CASTELLAMMARE DI STABIA (NA)","57"
" ITALIA MERIDIONALE","PARTITO ANIMALISTA - ITALEXIT PER L'ITALIA","GIOVANNA","MULAS","1969","NUORO","55"
" ITALIA MERIDIONALE","PARTITO ANIMALISTA - ITALEXIT PER L'ITALIA","ILARIA","PAOLILLO","1981","TARANTO","43"
" ITALIA MERIDIONALE","PARTITO ANIMALISTA - ITALEXIT PER L'ITALIA","GIUSEPPE","GSCHEIDER","1964","ROMA","60"
" ITALIA MERIDIONALE","PARTITO ANIMALISTA - ITALEXIT PER L'ITALIA","SIMONA","CASADEI","1976","ERICE (TP)","48"
" ITALIA MERIDIONALE","PARTITO ANIMALISTA - ITALEXIT PER L'ITALIA","SABRINA","PALUMBO","1974","NAPOLI","50"
" ITALIA MERIDIONALE","PARTITO ANIMALISTA - ITALEXIT PER L'ITALIA","CARLO","PETRELLI","1983","COPERTINO (LE)","41"
" ITALIA MERIDIONALE","PARTITO ANIMALISTA - ITALEXIT PER L'ITALIA","DAMIANO","CRISTOFARO","1959","TARANTO","65"
" ITALIA MERIDIONALE","PARTITO ANIMALISTA - ITALEXIT PER L'ITALIA","COSTANZA","SOZZI","1987","CATANIA","37"
" ITALIA MERIDIONALE","PARTITO ANIMALISTA - ITALEXIT PER L'ITALIA","FRANCESCO PIO","PEPICIELLO","1979","BENEVENTO","45"
" ITALIA MERIDIONALE","PARTITO ANIMALISTA - ITALEXIT PER L'ITALIA","MARGHERITA","SAMMARCO","1979","GROTTAGLIE (TA)","45"
" ITALIA MERIDIONALE","ALLEANZA VERDI E SINISTRA","DOMENICO","LUCANO","1958","MELITO DI PORTO SALVO (RC)","66"
" ITALIA MERIDIONALE","ALLEANZA VERDI E SINISTRA","ROSA ","D'AMATO","1969","TARANTO","55"
" ITALIA MERIDIONALE","ALLEANZA VERDI E SINISTRA","FRANCESCO EMILIO","BORRELLI","1973","NAPOLI","51"
" ITALIA MERIDIONALE","ALLEANZA VERDI E SINISTRA","ANNA GRAZIA","MARASCHIO","1961","PATU' (LE)","63"
" ITALIA MERIDIONALE","ALLEANZA VERDI E SINISTRA","SOUZAN","FATAYER","1965","GIORDANIA","59"
" ITALIA MERIDIONALE","ALLEANZA VERDI E SINISTRA","FABIO","ARMANO","1976","NAPOLI","48"
" ITALIA MERIDIONALE","ALLEANZA VERDI E SINISTRA","FEDELE","CANNEROZZI","1962","FOGGIA","62"
" ITALIA MERIDIONALE","ALLEANZA VERDI E SINISTRA","NATALE","CUCCURESE","1959","AFRAGOLA (NA)","65"
" ITALIA MERIDIONALE","ALLEANZA VERDI E SINISTRA","MARIA PIA","FUNARO","1973","COSENZA","51"
" ITALIA MERIDIONALE","ALLEANZA VERDI E SINISTRA","GIOVANNI","GERMANO","1948","DURONIA (CB)","76"
" ITALIA MERIDIONALE","ALLEANZA VERDI E SINISTRA","FRANCESCA","IMPERATORE","1976","NAPOLI","48"
" ITALIA MERIDIONALE","ALLEANZA VERDI E SINISTRA","ALESSANDRA","MARIANO","1982","MIRABELLA ECLANO (AV)","42"
" ITALIA MERIDIONALE","ALLEANZA VERDI E SINISTRA","ANNA ","ORABONA","1970","NAPOLI","54"
" ITALIA MERIDIONALE","ALLEANZA VERDI E SINISTRA","GIULIA","PERSICO","1993","PESCARA","31"
" ITALIA MERIDIONALE","ALLEANZA VERDI E SINISTRA","GERARDO","PONTECORVO","1955","REGGIO  DI CALABRIA","69"
" ITALIA MERIDIONALE","ALLEANZA VERDI E SINISTRA","VALERIA","SPINELLI","1974","NAPOLI","50"
" ITALIA MERIDIONALE","ALLEANZA VERDI E SINISTRA","ROSARIO","TERNULLO","1956","SALERNO","68"
" ITALIA MERIDIONALE","ALLEANZA VERDI E SINISTRA","SERGIO","ULGIATI","1951","LATINA","73"
" ITALIA MERIDIONALE","STATI UNITI D'EUROPA","VINCENZO","MARAIO","1978","POLLA (SA)","46"
" ITALIA MERIDIONALE","STATI UNITI D'EUROPA","MANUELA","ZAMBRANO","1977","SALERNO","47"
" ITALIA MERIDIONALE","STATI UNITI D'EUROPA","NICOLA","CAPUTO","1966","TEVEROLA (CE)","58"
" ITALIA MERIDIONALE","STATI UNITI D'EUROPA","ALESSANDRINA","LONARDO MASTELLA","1953","CEPPALONI (BN)","71"
" ITALIA MERIDIONALE","STATI UNITI D'EUROPA","TERESA","BELLANOVA","1958","CEGLIE MESSAPICA (BR)","66"
" ITALIA MERIDIONALE","STATI UNITI D'EUROPA","CATERINA","MIRAGLIA","1951","NAPOLI","73"
" ITALIA MERIDIONALE","STATI UNITI D'EUROPA","ALFONSO MARIA","GALLO","1990","ATRIPALDA (AV)","34"
" ITALIA MERIDIONALE","STATI UNITI D'EUROPA","EMANUELA","PISTOIA","1972","ROMA","52"
" ITALIA MERIDIONALE","STATI UNITI D'EUROPA","MASSIMILIANO","STELLATO","1973","CAPUA (CE)","51"
" ITALIA MERIDIONALE","STATI UNITI D'EUROPA","STEFANO","MASCARO","1962","NAPOLI","62"
" ITALIA MERIDIONALE","STATI UNITI D'EUROPA","ADRIANO","PASCULLI DE ANGELIS","1975","BARI","49"
" ITALIA MERIDIONALE","STATI UNITI D'EUROPA","GIOVANNA","CATACCHIO","1964","BARI","60"
" ITALIA MERIDIONALE","STATI UNITI D'EUROPA","GIUSEPPE","VARACALLI","1958","GERACE (RC)","66"
" ITALIA MERIDIONALE","STATI UNITI D'EUROPA","FILOMENA","GRECO","1966","TERRAVECCHIA (CS)","58"
" ITALIA MERIDIONALE","STATI UNITI D'EUROPA","ANTONIO","RUBINO","1986","POLLA (SA)","38"
" ITALIA MERIDIONALE","STATI UNITI D'EUROPA","ELEONORA","STOMEO","1975","CASARANO (LE)","49"
" ITALIA MERIDIONALE","STATI UNITI D'EUROPA","ANNUNZIATA","PAESE","1972","COSENZA","52"
" ITALIA MERIDIONALE","STATI UNITI D'EUROPA","MATTEO","RENZI","1975","FIRENZE","49"
" ITALIA INSULARE","ALLEANZA VERDI E SINISTRA","LEOLUCA","ORLANDO","1947","PALERMO","77"
" ITALIA INSULARE","ALLEANZA VERDI E SINISTRA","ILARIA","SALIS","1984","MILANO","40"
" ITALIA INSULARE","ALLEANZA VERDI E SINISTRA","DOMENICO","LUCANO","1958","MELITO DI PORTO SALVO (RC)","66"
" ITALIA INSULARE","ALLEANZA VERDI E SINISTRA","CINZIA","DATO","1955","CATANIA","69"
" ITALIA INSULARE","ALLEANZA VERDI E SINISTRA","EMANUELE","BARBARA","1991","VERONA","33"
" ITALIA INSULARE","ALLEANZA VERDI E SINISTRA","GIULIANA","FIERTLER","1968","MESSINA","56"
" ITALIA INSULARE","ALLEANZA VERDI E SINISTRA","FRANCESCO","MUSCAU","1970","LANUSEI (NU)","54"
" ITALIA INSULARE","ALLEANZA VERDI E SINISTRA","STEFANIA","PAGLIAZZO","1979","RAGUSA","45"
" ITALIA INSULARE","MOVIMENTO 5 STELLE","GIUSEPPE ","ANTOCI","1968","SANTO STEFANO DI CAMASTRA (ME)","56"
" ITALIA INSULARE","MOVIMENTO 5 STELLE","CINZIA","PILO","1974","SASSARI ","50"
" ITALIA INSULARE","MOVIMENTO 5 STELLE","PATRIZIO","CINQUE","1985","PALERMO","39"
" ITALIA INSULARE","MOVIMENTO 5 STELLE","ANTONELLA","DI PRIMA","1979","SCIACCA (AG)","45"
" ITALIA INSULARE","MOVIMENTO 5 STELLE","VIRGINIA","FARRUGGIA","1977","GELA(CL)","47"
" ITALIA INSULARE","MOVIMENTO 5 STELLE","MATTEO","PORCU","1978","ALGHERO(SS)","46"
" ITALIA INSULARE","MOVIMENTO 5 STELLE","ANTONINO","RANDAZZO","1984","PALERMO","40"
" ITALIA INSULARE","MOVIMENTO 5 STELLE","MATILDE","MONTAUDO","1972","CATANIA","52"
" ITALIA INSULARE","FRATELLI D'ITALIA","GIORGIA","MELONI","1977","ROMA","47"
" ITALIA INSULARE","FRATELLI D'ITALIA","SALVATORE","DEIDDA","1976","CAGLIARI","48"
" ITALIA INSULARE","FRATELLI D'ITALIA","ELVIRA","AMATA","1969","MESSINA","55"
" ITALIA INSULARE","FRATELLI D'ITALIA","MASSIMILIANO","GIAMMUSSO","1982","CATANIA","42"
" ITALIA INSULARE","FRATELLI D'ITALIA","GIUSEPPE","MILAZZO","1977","PALERMO","47"
" ITALIA INSULARE","FRATELLI D'ITALIA","RUGGERO BENEDETTO ITALO","RAZZA","1980","MILANO","44"
" ITALIA INSULARE","FRATELLI D'ITALIA","GIUSEPPA","SAVARINO","1974","GELA (CL)","50"
" ITALIA INSULARE","FRATELLI D'ITALIA","ALESSIA","SCORPO","1983","SIRACUSA","41"
" ITALIA INSULARE","PARTITO DEMOCRATICO","ELENA ETHEL","SCHLEIN","1985","LUGANO (SVIZZERA)","39"
" ITALIA INSULARE","PARTITO DEMOCRATICO","ANTONIO","NICITA","1968","SIRACUSA","56"
" ITALIA INSULARE","PARTITO DEMOCRATICO","LIDIA","TILOTTA","1971","PALERMO","53"
" ITALIA INSULARE","PARTITO DEMOCRATICO","PIETRO","BARTOLO","1956","LAMPEDUSA E LINOSA (AG)","68"
" ITALIA INSULARE","PARTITO DEMOCRATICO","ANGELA MARIA","QUAQUERO","1953","CAGLIARI ","71"
" ITALIA INSULARE","PARTITO DEMOCRATICO","GIUSEPPE","LUPO","1966","PALERMO","58"
" ITALIA INSULARE","PARTITO DEMOCRATICO","MARIA FLAVIA","TIMBRO","1980","MESSINA","44"
" ITALIA INSULARE","PARTITO DEMOCRATICO","GIUSEPPE","BELVISI","1974","TERMOLI (CB)","50"
" ITALIA INSULARE","LEGA SALVINI PREMIER","ANNALISA","TARDINO","1979","LICATA (AG)","45"
" ITALIA INSULARE","LEGA SALVINI PREMIER","ROBERTO","VANNACCI","1968","LA SPEZIA ","56"
" ITALIA INSULARE","LEGA SALVINI PREMIER","ESTERINA","BONAFEDE","1960","PALERMO (PA)","64"
" ITALIA INSULARE","LEGA SALVINI PREMIER","ANTONINO SALVATORE","GERMANA'","1976","MESSINA ","48"
" ITALIA INSULARE","LEGA SALVINI PREMIER","MICHELINA","LUNESU","1954","NUORO(NU)","70"
" ITALIA INSULARE","LEGA SALVINI PREMIER","FRANCESCA","REITANO","1986","MESSINA","38"
" ITALIA INSULARE","LEGA SALVINI PREMIER","RAFFAELE","STANCANELLI","1950","REGALBUTO (EN)","74"
" ITALIA INSULARE","LEGA SALVINI PREMIER","GIROLAMO","TURANO","1965","ALCAMO (TP)","59"
" ITALIA INSULARE","STATI UNITI D'EUROPA","RITA","BERNARDINI","1952","ROMA","72"
" ITALIA INSULARE","STATI UNITI D'EUROPA","FRANCESCO CONCETTO","CALANNA","1958","SAN SALVATORE DI FITALIA (ME)","66"
" ITALIA INSULARE","STATI UNITI D'EUROPA","FABRIZIO","MICARI","1963","PALERMO","61"
" ITALIA INSULARE","STATI UNITI D'EUROPA","VALENTINA","FALLETTA","1983","PALERMO","41"
" ITALIA INSULARE","STATI UNITI D'EUROPA","PIETRINA","PUTZOLU","1965","MILIS (OR)","59"
" ITALIA INSULARE","STATI UNITI D'EUROPA","LUCA","BALLATORE","1974","SIRACUSA","50"
" ITALIA INSULARE","STATI UNITI D'EUROPA","CAROLA","POLITI","1966","GENOVA","58"
" ITALIA INSULARE","STATI UNITI D'EUROPA","MATTEO","RENZI","1975","FIRENZE","49"
" ITALIA INSULARE","AZIONE - SIAMO EUROPEI","CARLO","CALENDA","1973","ROMA ","51"
" ITALIA INSULARE","AZIONE - SIAMO EUROPEI","SONIA","ALFANO","1971","MESSINA ","53"
" ITALIA INSULARE","AZIONE - SIAMO EUROPEI","GIANFRANCO","DAMIANI","1948","BRINDISI ","76"
" ITALIA INSULARE","AZIONE - SIAMO EUROPEI","MARTINA","BENONI","1989","CAGLIARI ","35"
" ITALIA INSULARE","AZIONE - SIAMO EUROPEI","GIANNI","PALAZZOLO","1972","PALERMO ","52"
" ITALIA INSULARE","AZIONE - SIAMO EUROPEI","ROSANNA","COCOMERO","1965","PALERMO (PA)","59"
" ITALIA INSULARE","AZIONE - SIAMO EUROPEI","NICOLA","TRUDU","1982","CAGLIARI ","42"
" ITALIA INSULARE","AZIONE - SIAMO EUROPEI","ELENA","BONETTI","1974","ASOLA (MN)","50"
" ITALIA INSULARE","LIBERTA'","CATENO","DE LUCA","1972","FIUMEDINISI (ME)","52"
" ITALIA INSULARE","LIBERTA'","LAURA","CASTELLI","1986","TORINO ","38"
" ITALIA INSULARE","LIBERTA'","PIERA","AIELLO","1967","PARTANNA (TP)","57"
" ITALIA INSULARE","LIBERTA'","EDGARDO","BANDIERA","1974","SIRACUSA","50"
" ITALIA INSULARE","LIBERTA'","GIULIA","FERRO","1982","MAZARA DEL VALLO (TP)","42"
" ITALIA INSULARE","LIBERTA'","BARBARA","FIGUS","1971","TORINO ","53"
" ITALIA INSULARE","LIBERTA'","ISMAELE","LA VARDERA","1993","PALERMO","31"
" ITALIA INSULARE","LIBERTA'","ANTONIO GIUSEPPE","PARRINELLO","1962","MARSALA (TP)","62"
" ITALIA INSULARE"," PACE TERRA DIGNITA'","MICHELE","SANTORO","1951","SALERNO","73"
" ITALIA INSULARE"," PACE TERRA DIGNITA'","BENEDETTA","SABENE","1995","ROMA","29"
" ITALIA INSULARE"," PACE TERRA DIGNITA'","RANIERO LUIGI","LA VALLE","1931","ROMA","93"
" ITALIA INSULARE"," PACE TERRA DIGNITA'","FEDERICA","BACCOLI","1993","CAGLIARI","31"
" ITALIA INSULARE"," PACE TERRA DIGNITA'","GINEVRA ROBERTA","BOMPIANI","1939","MILANO","85"
" ITALIA INSULARE"," PACE TERRA DIGNITA'","GIOVANNI","FRESU","1972","SASSARI ","52"
" ITALIA INSULARE"," PACE TERRA DIGNITA'","ANTONINO","MANTINEO","1957","MESSINA (ME)","67"
" ITALIA INSULARE"," PACE TERRA DIGNITA'","ELISA","MONNI","1948","TEULADA (CA)","76"
" ITALIA INSULARE","FORZA ITALIA - NOI MODERATI - PPE","CATERINA","CHINNICI","1954","PALERMO","70"
" ITALIA INSULARE","FORZA ITALIA - NOI MODERATI - PPE","MICHELE","COSSA","1960","SESTU (CA)","64"
" ITALIA INSULARE","FORZA ITALIA - NOI MODERATI - PPE","MADDALENA","CALIA","1958","LULA (NU)","66"
" ITALIA INSULARE","FORZA ITALIA - NOI MODERATI - PPE","MASSIMO","DELL'UTRI","1966","CALTANISSETTA (CL)","58"
" ITALIA INSULARE","FORZA ITALIA - NOI MODERATI - PPE","MARCO","FALCONE","1971","CATANIA","53"
" ITALIA INSULARE","FORZA ITALIA - NOI MODERATI - PPE","BERNARDETTE FELICE","GRASSO","1959","CAPRI LEONE (ME)","65"
" ITALIA INSULARE","FORZA ITALIA - NOI MODERATI - PPE","MARGHERITA","LA ROCCA RUVOLO","1961","MONTEVAGO (AG)","63"
" ITALIA INSULARE","FORZA ITALIA - NOI MODERATI - PPE","EDMONDO","TAMAJO","1976","PALERMO","48"
" ITALIA INSULARE","ALTERNATIVA POPOLARE","STEFANO","BANDECCHI","1961","LIVORNO","63"
" ITALIA INSULARE","ALTERNATIVA POPOLARE","MATTIA","GATTUSO","1965","REGGIO DI CALABRIA","59"
" ITALIA INSULARE","ALTERNATIVA POPOLARE","ALFONSO","ALAIMO","1976","AGRIGENTO","48"
" ITALIA INSULARE","ALTERNATIVA POPOLARE","MANUELA","CIAMBRONE","1976","SIRACUSA","48"
" ITALIA INSULARE","ALTERNATIVA POPOLARE","MASSIMO","ROMAGNOLI","1971","CAPO D'ORLANDO (ME)","53"
" ITALIA INSULARE","ALTERNATIVA POPOLARE","VALENTINA","VALENTI","1970","ROMA","54"
